,var1,var2,var3,var4,var5,var6,var7,var8,var9,var10,var11,var12,var13,var14,var15,var16,var17,var18,Clus_km,Score,District
0,2,2,2,2,2,2,2,2,2,2,2,2,2,2,2,2,2,2,0,280,5
1,2,2,2,2,2,2,2,2,2,2,2,2,2,2,2,2,2,2,0,280,5
2,2,2,2,2,2,2,2,2,2,2,2,2,2,2,2,2,2,2,0,280,5
3,2,2,2,2,2,2,2,2,2,2,2,2,2,2,2,2,2,2,0,280,4
4,6,6,8,6,4,6,4,10,2,4,2,2,10,2,10,6,10,2,2,610,3
5,2,2,2,2,2,2,2,2,2,2,2,2,2,2,2,2,2,2,0,280,5
6,10,4,2,10,6,6,4,8,6,4,2,6,8,10,4,2,6,2,1,605,2
7,2,2,2,2,2,2,2,2,2,2,2,2,2,2,2,2,2,2,0,280,4
8,2,4,8,2,10,10,4,8,6,4,8,2,10,8,10,10,6,2,2,680,4
9,2,2,2,2,2,2,2,2,2,2,2,2,2,2,2,2,2,2,0,280,1
10,6,6,10,8,4,4,6,4,2,6,6,4,6,10,2,4,6,6,1,605,2
11,10,2,2,8,6,10,10,2,6,10,4,6,8,10,8,8,6,8,1,725,5
12,2,2,2,2,2,2,2,2,2,2,2,2,2,2,2,2,2,2,0,280,1
13,2,6,6,2,10,4,2,2,10,4,10,8,10,4,8,6,6,6,2,640,4
14,2,2,2,2,2,2,2,2,2,2,2,2,2,2,2,2,2,2,0,280,5
15,2,2,2,2,2,2,2,2,2,2,2,2,2,2,2,2,2,2,0,280,1
16,2,2,2,2,2,2,2,2,2,2,2,2,2,2,2,2,2,2,0,280,5
17,2,2,2,2,2,2,2,2,2,2,2,2,2,2,2,2,2,2,0,280,2
18,2,2,2,2,2,2,2,2,2,2,2,2,2,2,2,2,2,2,0,280,5
19,2,2,2,2,2,2,2,2,2,2,2,2,2,2,2,2,2,2,0,280,2
20,2,2,2,2,2,2,2,2,2,2,2,2,2,2,2,2,2,2,0,280,5
21,2,2,2,2,2,2,2,2,2,2,2,2,2,2,2,2,2,2,0,280,2
22,2,2,2,2,2,2,2,2,2,2,2,2,2,2,2,2,2,2,0,280,1
23,2,2,2,2,2,2,2,2,2,2,2,2,2,2,2,2,2,2,0,280,2
24,4,6,10,4,2,6,6,10,4,10,4,4,10,4,8,6,8,4,2,660,5
25,2,2,2,2,2,2,2,2,2,2,2,2,2,2,2,2,2,2,0,280,2
26,2,2,2,2,2,2,2,2,2,2,2,2,2,2,2,2,2,2,0,280,5
27,2,2,2,2,2,2,2,2,2,2,2,2,2,2,2,2,2,2,0,280,3
28,4,6,2,6,6,10,6,4,10,8,8,10,8,10,8,10,8,8,1,765,1
29,2,2,2,2,2,2,2,2,2,2,2,2,2,2,2,2,2,2,0,280,1
30,6,6,10,4,8,2,10,8,6,4,8,2,6,10,6,4,4,4,2,650,4
31,6,8,10,10,4,4,2,10,6,6,8,8,4,8,6,10,2,2,2,680,2
32,2,2,2,2,2,2,2,2,2,2,2,2,2,2,2,2,2,2,0,280,3
33,2,2,2,2,2,2,2,2,2,2,2,2,2,2,2,2,2,2,0,280,3
34,2,2,2,2,2,2,2,2,2,2,2,2,2,2,2,2,2,2,0,280,2
35,2,2,2,2,2,2,2,2,2,2,2,2,2,2,2,2,2,2,0,280,3
36,2,2,2,2,2,2,2,2,2,2,2,2,2,2,2,2,2,2,0,280,1
37,2,2,2,2,2,2,2,2,2,2,2,2,2,2,2,2,2,2,0,280,3
38,2,2,2,2,2,2,2,2,2,2,2,2,2,2,2,2,2,2,0,280,5
39,8,6,2,2,4,10,6,10,2,8,6,4,10,8,2,6,2,8,1,625,2
40,2,2,2,2,2,2,2,2,2,2,2,2,2,2,2,2,2,2,0,280,4
41,2,2,10,2,4,10,10,2,4,6,4,2,10,6,4,8,4,4,2,580,5
42,6,4,6,2,6,8,6,6,6,6,2,6,4,10,8,6,8,8,1,645,1
43,2,2,2,2,2,2,2,2,2,2,2,2,2,2,2,2,2,2,0,280,3
44,6,4,6,4,2,8,6,4,4,6,4,2,2,6,4,10,10,2,2,560,2
45,2,2,2,2,2,2,2,2,2,2,2,2,2,2,2,2,2,2,0,280,4
46,2,2,2,2,2,2,2,2,2,2,2,2,2,2,2,2,2,2,0,280,5
47,2,4,8,8,6,10,4,2,6,8,2,8,6,10,2,2,2,2,1,565,3
48,2,10,8,6,8,8,10,4,8,6,10,4,10,8,4,8,8,4,2,740,1
49,6,10,2,4,4,6,6,10,4,6,8,4,10,4,10,8,10,6,1,695,3
50,2,2,2,2,2,2,2,2,2,2,2,2,2,2,2,2,2,2,0,280,1
51,2,2,2,2,2,2,2,2,2,2,2,2,2,2,2,2,2,2,0,280,5
52,10,8,10,10,4,6,10,6,8,8,6,10,8,8,10,4,2,2,2,760,3
53,2,2,2,2,2,2,2,2,2,2,2,2,2,2,2,2,2,2,0,280,5
54,6,4,10,10,8,4,4,4,4,2,4,6,4,6,10,2,8,10,1,635,5
55,10,2,8,2,8,2,4,2,10,4,6,2,6,8,8,8,2,6,2,600,2
56,2,2,2,2,2,2,2,2,2,2,2,2,2,2,2,2,2,2,0,280,3
57,2,2,2,2,2,2,2,2,2,2,2,2,2,2,2,2,2,2,0,280,1
58,8,8,10,10,6,8,6,10,6,2,6,2,2,2,10,2,4,8,2,660,1
59,4,10,2,4,4,10,10,10,4,8,8,4,2,2,8,4,2,6,2,620,4
60,2,2,2,2,2,2,2,2,2,2,2,2,2,2,2,2,2,2,0,280,2
61,2,2,2,2,2,2,2,2,2,2,2,2,2,2,2,2,2,2,0,280,2
62,2,2,2,2,2,2,2,2,2,2,2,2,2,2,2,2,2,2,0,280,1
63,2,2,2,2,2,2,2,2,2,2,2,2,2,2,2,2,2,2,0,280,4
64,8,6,10,6,8,6,10,8,2,10,6,10,10,6,6,10,2,6,1,755,2
65,4,8,6,6,2,6,8,8,10,10,2,6,4,6,2,10,6,8,2,670,1
66,2,2,2,2,2,2,2,2,2,2,2,2,2,2,2,2,2,2,0,280,3
67,2,2,2,2,2,2,2,2,2,2,2,2,2,2,2,2,2,2,0,280,5
68,2,2,2,2,2,2,2,2,2,2,2,2,2,2,2,2,2,2,0,280,1
69,6,4,6,8,6,4,2,4,8,8,2,8,8,8,8,2,4,8,1,625,2
70,4,6,6,10,6,2,2,4,10,10,6,8,8,2,4,2,2,8,2,610,1
71,2,2,2,2,2,2,2,2,2,2,2,2,2,2,2,2,2,2,0,280,1
72,2,2,2,2,2,2,2,2,2,2,2,2,2,2,2,2,2,2,0,280,3
73,2,2,2,2,2,2,2,2,2,2,2,2,2,2,2,2,2,2,0,280,5
74,2,2,2,2,2,2,2,2,2,2,2,2,2,2,2,2,2,2,0,280,3
75,2,2,2,2,2,2,2,2,2,2,2,2,2,2,2,2,2,2,0,280,2
76,2,2,2,2,2,2,2,2,2,2,2,2,2,2,2,2,2,2,0,280,5
77,6,6,6,6,8,4,6,6,4,2,6,2,8,10,4,8,6,2,1,605,5
78,4,6,2,8,6,2,6,8,8,4,6,6,6,2,4,2,6,8,2,580,4
79,2,2,2,2,2,2,2,2,2,2,2,2,2,2,2,2,2,2,0,280,3
80,2,2,2,2,2,2,2,2,2,2,2,2,2,2,2,2,2,2,0,280,5
81,10,2,8,8,4,10,2,10,10,2,2,8,10,4,4,2,4,4,2,630,1
82,2,2,2,2,2,2,2,2,2,2,2,2,2,2,2,2,2,2,0,280,3
83,2,2,2,2,2,2,2,2,2,2,2,2,2,2,2,2,2,2,0,280,5
84,2,2,2,2,2,2,2,2,2,2,2,2,2,2,2,2,2,2,0,280,2
85,2,2,2,2,2,2,2,2,2,2,2,2,2,2,2,2,2,2,0,280,5
86,2,2,2,2,2,2,2,2,2,2,2,2,2,2,2,2,2,2,0,280,5
87,2,2,2,2,2,2,2,2,2,2,2,2,2,2,2,2,2,2,0,280,1
88,2,2,2,2,2,2,2,2,2,2,2,2,2,2,2,2,2,2,0,280,1
89,8,10,6,10,6,10,2,6,6,8,4,10,8,10,8,6,4,4,1,735,4
90,6,8,10,2,8,2,2,2,10,8,2,10,6,6,8,4,10,8,1,665,5
91,2,2,2,2,2,2,2,2,2,2,2,2,2,2,2,2,2,2,0,280,4
92,2,2,2,2,2,2,2,2,2,2,2,2,2,2,2,2,2,2,0,280,1
93,2,2,2,2,2,2,2,2,2,2,2,2,2,2,2,2,2,2,0,280,2
94,2,2,2,2,2,2,2,2,2,2,2,2,2,2,2,2,2,2,0,280,3
95,2,2,2,2,2,2,2,2,2,2,2,2,2,2,2,2,2,2,0,280,3
96,2,2,2,2,2,2,2,2,2,2,2,2,2,2,2,2,2,2,0,280,1
97,2,2,2,2,2,2,2,2,2,2,2,2,2,2,2,2,2,2,0,280,1
98,2,2,2,2,2,2,2,2,2,2,2,2,2,2,2,2,2,2,0,280,4
99,4,10,2,8,2,2,8,6,4,6,8,4,8,8,4,10,6,8,1,645,3
100,2,2,2,2,2,2,2,2,2,2,2,2,2,2,2,2,2,2,0,280,2
101,10,6,4,2,2,8,8,6,2,4,2,2,8,4,6,8,4,8,1,575,1
102,6,10,2,2,4,8,6,8,8,4,4,10,4,2,2,4,8,2,2,580,4
103,10,8,4,8,6,4,10,4,10,2,6,2,8,10,6,10,8,2,2,700,5
104,2,2,2,2,2,2,2,2,2,2,2,2,2,2,2,2,2,2,0,280,1
105,2,2,2,2,2,2,2,2,2,2,2,2,2,2,2,2,2,2,0,280,2
106,2,2,2,2,2,2,2,2,2,2,2,2,2,2,2,2,2,2,0,280,3
107,2,2,2,2,2,2,2,2,2,2,2,2,2,2,2,2,2,2,0,280,3
108,2,6,8,10,8,6,4,2,4,4,2,4,2,4,10,8,4,8,2,590,5
109,6,8,4,10,6,8,10,2,6,10,10,6,8,10,4,4,2,6,1,705,1
110,2,2,2,2,2,2,2,2,2,2,2,2,2,2,2,2,2,2,0,280,3
111,6,8,10,6,2,8,10,8,8,4,6,10,10,8,4,8,2,6,1,725,4
112,2,2,2,2,2,2,2,2,2,2,2,2,2,2,2,2,2,2,0,280,4
113,8,10,4,8,10,2,2,10,10,4,10,10,6,6,8,8,10,2,2,750,4
114,4,10,2,2,6,6,2,4,8,4,10,6,6,10,2,10,2,2,1,585,3
115,2,2,2,2,2,2,2,2,2,2,2,2,2,2,2,2,2,2,0,280,5
116,2,2,2,2,2,2,2,2,2,2,2,2,2,2,2,2,2,2,0,280,4
117,10,2,10,8,8,8,10,10,6,4,6,4,10,8,8,10,2,6,2,760,2
118,2,6,6,2,8,4,2,2,6,4,10,6,2,6,4,8,8,2,2,550,2
119,2,10,2,10,2,10,2,2,2,2,8,2,6,2,6,8,8,2,2,540,2
120,2,2,2,2,2,2,2,2,2,2,2,2,2,2,2,2,2,2,0,280,1
121,2,2,2,2,2,2,2,2,2,2,2,2,2,2,2,2,2,2,0,280,2
122,2,2,2,2,2,2,2,2,2,2,2,2,2,2,2,2,2,2,0,280,1
123,8,4,4,6,8,8,10,4,2,6,6,10,10,10,6,10,2,2,1,685,5
124,2,2,2,2,2,2,2,2,2,2,2,2,2,2,2,2,2,2,0,280,3
125,2,2,2,2,2,2,2,2,2,2,2,2,2,2,2,2,2,2,0,280,5
126,2,2,2,2,2,2,2,2,2,2,2,2,2,2,2,2,2,2,0,280,3
127,2,2,2,2,2,2,2,2,2,2,2,2,2,2,2,2,2,2,0,280,2
128,2,2,2,2,2,2,2,2,2,2,2,2,2,2,2,2,2,2,0,280,3
129,2,2,2,2,2,2,2,2,2,2,2,2,2,2,2,2,2,2,0,280,3
130,2,2,2,2,2,2,2,2,2,2,2,2,2,2,2,2,2,2,0,280,3
131,4,8,8,8,8,2,6,10,4,6,10,4,4,4,2,4,10,2,2,630,2
132,2,2,2,2,2,2,2,2,2,2,2,2,2,2,2,2,2,2,0,280,5
133,2,2,2,2,2,2,2,2,2,2,2,2,2,2,2,2,2,2,0,280,5
134,2,2,2,2,2,2,2,2,2,2,2,2,2,2,2,2,2,2,0,280,1
135,2,2,2,2,2,2,2,2,2,2,2,2,2,2,2,2,2,2,0,280,1
136,2,2,2,2,2,2,2,2,2,2,2,2,2,2,2,2,2,2,0,280,4
137,2,2,2,2,2,2,2,2,2,2,2,2,2,2,2,2,2,2,0,280,3
138,2,2,2,2,2,2,2,2,2,2,2,2,2,2,2,2,2,2,0,280,5
139,2,4,8,2,4,6,2,4,4,2,8,10,10,10,4,4,10,10,1,625,5
140,8,6,8,10,2,8,8,2,2,6,4,4,4,8,10,4,10,8,1,665,2
141,10,2,2,2,10,6,6,4,6,6,2,8,4,4,4,6,2,2,2,540,4
142,2,2,2,2,2,2,2,2,2,2,2,2,2,2,2,2,2,2,0,280,4
143,2,8,4,8,6,8,8,4,8,4,10,4,6,8,10,8,8,2,2,690,4
144,2,2,2,2,2,2,2,2,2,2,2,2,2,2,2,2,2,2,0,280,3
145,2,6,10,4,4,4,10,6,2,4,6,6,2,4,10,4,6,8,2,600,5
146,2,2,2,2,2,2,2,2,2,2,2,2,2,2,2,2,2,2,0,280,1
147,8,10,4,4,4,10,8,10,8,6,8,10,10,4,4,2,10,8,1,745,1
148,2,2,2,2,2,2,2,2,2,2,2,2,2,2,2,2,2,2,0,280,4
149,2,2,6,10,10,2,10,8,10,10,6,2,8,2,2,6,8,8,2,670,4
150,2,2,2,2,2,2,2,2,2,2,2,2,2,2,2,2,2,2,0,280,2
151,2,2,2,2,2,2,2,2,2,2,2,2,2,2,2,2,2,2,0,280,3
152,2,2,2,2,2,2,2,2,2,2,2,2,2,2,2,2,2,2,0,280,5
153,2,2,2,2,2,2,2,2,2,2,2,2,2,2,2,2,2,2,0,280,4
154,2,2,2,2,2,2,2,2,2,2,2,2,2,2,2,2,2,2,0,280,1
155,2,10,8,10,8,10,8,8,10,6,6,6,2,4,4,4,8,4,2,700,5
156,2,2,2,2,2,2,2,2,2,2,2,2,2,2,2,2,2,2,0,280,1
157,6,10,2,2,2,10,2,10,8,10,6,4,8,10,8,10,2,2,1,665,2
158,2,2,2,2,2,2,2,2,2,2,2,2,2,2,2,2,2,2,0,280,1
159,8,8,10,2,2,4,6,8,6,8,4,2,2,6,8,4,10,10,1,645,1
160,6,2,6,6,2,2,10,6,4,6,4,10,2,8,10,6,8,4,2,620,2
161,2,10,2,8,6,2,8,6,4,2,8,10,8,8,4,8,6,8,1,655,5
162,2,2,2,2,2,2,2,2,2,2,2,2,2,2,2,2,2,2,0,280,5
163,2,2,2,2,2,2,2,2,2,2,2,2,2,2,2,2,2,2,0,280,4
164,2,2,2,2,2,2,2,2,2,2,2,2,2,2,2,2,2,2,0,280,3
165,2,4,6,10,8,8,8,6,2,4,8,10,10,8,6,8,6,2,2,690,3
166,2,2,2,2,2,2,2,2,2,2,2,2,2,2,2,2,2,2,0,280,4
167,2,2,2,2,2,2,2,2,2,2,2,2,2,2,2,2,2,2,0,280,4
168,2,2,2,2,2,2,2,2,2,2,2,2,2,2,2,2,2,2,0,280,3
169,2,2,2,2,2,2,2,2,2,2,2,2,2,2,2,2,2,2,0,280,1
170,2,2,2,2,2,2,2,2,2,2,2,2,2,2,2,2,2,2,0,280,1
171,4,10,8,8,2,2,6,8,4,8,4,6,10,10,6,4,10,10,1,705,5
172,6,6,8,10,4,10,6,6,4,10,8,8,4,2,8,2,8,10,2,710,3
173,2,2,2,2,2,2,2,2,2,2,2,2,2,2,2,2,2,2,0,280,5
174,2,2,2,2,2,2,2,2,2,2,2,2,2,2,2,2,2,2,0,280,3
175,2,2,2,2,2,2,2,2,2,2,2,2,2,2,2,2,2,2,0,280,5
176,2,2,2,2,2,2,2,2,2,2,2,2,2,2,2,2,2,2,0,280,3
177,2,2,2,2,2,2,2,2,2,2,2,2,2,2,2,2,2,2,0,280,5
178,2,2,2,2,2,2,2,2,2,2,2,2,2,2,2,2,2,2,0,280,2
179,2,2,2,2,2,2,2,2,2,2,2,2,2,2,2,2,2,2,0,280,3
180,4,2,4,2,10,4,4,4,2,10,2,2,4,8,6,10,4,10,1,565,4
181,2,2,2,2,2,2,2,2,2,2,2,2,2,2,2,2,2,2,0,280,5
182,8,4,4,4,4,10,10,8,4,8,8,8,6,6,8,2,8,10,1,705,3
183,6,10,4,4,6,4,10,4,10,6,10,2,6,8,2,4,4,4,2,630,5
184,6,2,8,8,2,6,10,2,4,10,2,10,6,8,6,6,4,10,1,655,4
185,2,2,2,2,2,2,2,2,2,2,2,2,2,2,2,2,2,2,0,280,2
186,2,2,2,2,2,2,2,2,2,2,2,2,2,2,2,2,2,2,0,280,5
187,2,2,2,2,2,2,2,2,2,2,2,2,2,2,2,2,2,2,0,280,2
188,8,10,4,10,8,6,6,2,8,8,4,2,8,10,4,6,8,8,1,705,5
189,2,2,2,2,2,2,2,2,2,2,2,2,2,2,2,2,2,2,0,280,1
190,2,4,8,8,4,6,6,4,8,6,8,2,4,4,10,6,4,4,2,600,1
191,2,2,2,2,2,2,2,2,2,2,2,2,2,2,2,2,2,2,0,280,4
192,8,4,8,8,6,10,4,6,6,4,2,10,2,2,10,4,8,8,2,660,3
193,2,2,2,2,2,2,2,2,2,2,2,2,2,2,2,2,2,2,0,280,4
194,4,4,2,8,4,10,4,6,4,4,10,2,4,10,8,4,8,10,1,635,4
195,2,2,2,2,2,2,2,2,2,2,2,2,2,2,2,2,2,2,0,280,1
196,2,2,2,2,2,2,2,2,2,2,2,2,2,2,2,2,2,2,0,280,2
197,2,2,2,2,2,2,2,2,2,2,2,2,2,2,2,2,2,2,0,280,5
198,8,8,8,2,10,2,6,10,2,8,2,8,6,10,8,2,4,6,1,655,2
199,2,2,2,2,2,2,2,2,2,2,2,2,2,2,2,2,2,2,0,280,5
200,2,2,2,2,2,2,2,2,2,2,2,2,2,2,2,2,2,2,0,280,2
201,2,2,2,2,2,2,2,2,2,2,2,2,2,2,2,2,2,2,0,280,3
202,8,4,10,8,10,6,4,2,2,10,4,4,2,8,4,10,8,2,2,640,3
203,2,2,2,2,2,2,2,2,2,2,2,2,2,2,2,2,2,2,0,280,1
204,6,10,6,10,2,4,6,6,2,10,4,4,6,10,8,6,6,2,1,645,4
205,2,2,2,2,2,2,2,2,2,2,2,2,2,2,2,2,2,2,0,280,3
206,2,2,2,2,2,2,2,2,2,2,2,2,2,2,2,2,2,2,0,280,2
207,2,2,2,2,2,2,2,2,2,2,2,2,2,2,2,2,2,2,0,280,5
208,6,10,10,4,8,6,4,10,4,4,10,2,4,2,2,4,6,8,2,630,4
209,8,6,8,8,6,2,6,10,10,4,6,6,4,4,8,10,10,8,2,730,2
210,6,10,8,8,10,6,2,4,2,4,4,4,2,8,6,2,10,10,1,635,4
211,2,2,2,2,2,2,2,2,2,2,2,2,2,2,2,2,2,2,0,280,5
212,2,2,2,2,2,2,2,2,2,2,2,2,2,2,2,2,2,2,0,280,4
213,2,2,2,2,2,2,2,2,2,2,2,2,2,2,2,2,2,2,0,280,5
214,2,2,2,2,2,2,2,2,2,2,2,2,2,2,2,2,2,2,0,280,1
215,2,2,2,2,2,2,2,2,2,2,2,2,2,2,2,2,2,2,0,280,3
216,8,6,10,4,2,2,4,4,6,6,8,2,4,4,2,2,10,4,2,550,2
217,6,4,6,2,2,6,10,8,8,10,8,6,2,2,8,10,2,4,2,630,4
218,2,2,2,2,2,2,2,2,2,2,2,2,2,2,2,2,2,2,0,280,2
219,2,2,2,2,2,2,2,2,2,2,2,2,2,2,2,2,2,2,0,280,3
220,2,2,2,2,2,2,2,2,2,2,2,2,2,2,2,2,2,2,0,280,4
221,10,4,6,10,6,6,2,8,6,6,4,6,4,4,2,8,10,4,2,640,3
222,2,2,2,2,2,2,2,2,2,2,2,2,2,2,2,2,2,2,0,280,4
223,6,2,6,2,2,2,10,8,6,4,4,10,10,10,10,8,10,10,1,705,2
224,2,2,2,2,2,2,2,2,2,2,2,2,2,2,2,2,2,2,0,280,5
225,2,2,2,2,2,2,2,2,2,2,2,2,2,2,2,2,2,2,0,280,2
226,2,2,2,2,2,2,2,2,2,2,2,2,2,2,2,2,2,2,0,280,1
227,2,2,2,2,2,2,2,2,2,2,2,2,2,2,2,2,2,2,0,280,1
228,4,8,8,4,10,2,2,6,8,4,4,8,2,4,2,6,10,4,2,590,2
229,2,2,2,2,2,2,2,2,2,2,2,2,2,2,2,2,2,2,0,280,2
230,10,4,10,6,8,10,2,2,10,10,2,6,6,6,8,10,6,6,2,720,1
231,10,6,10,10,10,2,2,6,8,4,4,10,2,4,6,2,10,8,2,680,5
232,2,4,10,6,8,8,2,2,8,2,8,2,6,6,8,6,2,4,2,580,2
233,2,2,2,2,2,2,2,2,2,2,2,2,2,2,2,2,2,2,0,280,2
234,2,2,2,2,2,2,2,2,2,2,2,2,2,2,2,2,2,2,0,280,3
235,6,6,6,4,2,2,2,6,4,2,2,2,6,10,8,8,10,2,1,545,5
236,10,4,6,2,2,2,10,10,4,8,10,8,10,4,10,8,10,4,2,720,3
237,2,2,2,2,2,2,2,2,2,2,2,2,2,2,2,2,2,2,0,280,4
238,2,2,2,2,2,2,2,2,2,2,2,2,2,2,2,2,2,2,0,280,5
239,2,2,2,2,2,2,2,2,2,2,2,2,2,2,2,2,2,2,0,280,4
240,6,10,8,2,10,2,6,2,8,10,2,2,4,6,4,6,6,10,1,625,5
241,2,2,2,2,2,2,2,2,2,2,2,2,2,2,2,2,2,2,0,280,4
242,2,2,2,2,2,2,2,2,2,2,2,2,2,2,2,2,2,2,0,280,2
243,2,2,2,2,2,2,2,2,2,2,2,2,2,2,2,2,2,2,0,280,1
244,4,6,8,10,2,2,6,8,4,4,2,4,4,10,8,8,4,8,1,615,3
245,2,2,2,2,2,2,2,2,2,2,2,2,2,2,2,2,2,2,0,280,4
246,2,2,2,2,2,2,2,2,2,2,2,2,2,2,2,2,2,2,0,280,2
247,6,8,8,2,10,10,2,4,2,6,2,4,8,10,8,6,8,8,1,665,5
248,2,2,2,2,2,2,2,2,2,2,2,2,2,2,2,2,2,2,0,280,3
249,8,8,6,10,6,8,2,10,4,6,8,6,8,4,6,10,2,10,1,715,5
250,2,2,2,2,2,2,2,2,2,2,2,2,2,2,2,2,2,2,0,280,4
251,2,2,2,2,2,2,2,2,2,2,2,2,2,2,2,2,2,2,0,280,1
252,8,10,10,2,4,8,6,10,6,4,6,2,4,10,2,2,8,8,1,655,4
253,10,8,10,2,10,10,6,6,10,6,4,6,2,8,10,6,8,8,2,760,4
254,2,2,2,2,2,2,2,2,2,2,2,2,2,2,2,2,2,2,0,280,2
255,2,2,2,2,2,2,2,2,2,2,2,2,2,2,2,2,2,2,0,280,5
256,2,2,2,2,2,2,2,2,2,2,2,2,2,2,2,2,2,2,0,280,4
257,2,2,8,6,10,6,10,2,6,10,2,10,2,8,6,6,8,2,2,640,1
258,4,6,6,10,2,6,2,8,6,6,4,2,4,10,4,4,10,10,1,625,1
259,8,10,6,6,4,4,4,6,6,8,2,8,10,8,4,4,10,4,1,665,5
260,2,2,2,2,2,2,2,2,2,2,2,2,2,2,2,2,2,2,0,280,5
261,2,2,2,2,2,2,2,2,2,2,2,2,2,2,2,2,2,2,0,280,3
262,2,2,2,2,2,2,2,2,2,2,2,2,2,2,2,2,2,2,0,280,4
263,8,6,2,2,4,2,2,8,10,4,6,6,2,6,8,8,8,2,2,580,4
264,10,10,2,4,4,2,10,10,8,8,10,10,6,6,2,6,6,4,1,695,2
265,2,2,2,2,2,2,2,2,2,2,2,2,2,2,2,2,2,2,0,280,3
266,2,2,2,2,2,2,2,2,2,2,2,2,2,2,2,2,2,2,0,280,5
267,6,10,10,2,4,6,2,10,2,2,4,8,10,10,8,8,10,10,1,715,3
268,6,2,4,4,10,10,2,2,8,2,6,8,4,10,4,8,4,6,1,605,1
269,2,2,2,2,2,2,2,2,2,2,2,2,2,2,2,2,2,2,0,280,4
270,4,8,10,10,2,6,2,4,10,6,2,8,8,6,8,8,8,4,2,680,2
271,2,2,2,2,2,2,2,2,2,2,2,2,2,2,2,2,2,2,0,280,5
272,2,2,2,2,2,2,2,2,2,2,2,2,2,2,2,2,2,2,0,280,1
273,2,2,10,4,10,2,10,6,8,6,4,4,10,8,4,6,2,6,2,630,4
274,6,4,10,8,4,2,10,10,4,10,10,10,2,8,8,6,8,4,2,730,2
275,2,2,2,2,2,2,2,2,2,2,2,2,2,2,2,2,2,2,0,280,3
276,2,2,2,2,2,2,2,2,2,2,2,2,2,2,2,2,2,2,0,280,1
277,4,4,2,4,8,2,4,4,4,10,10,10,10,8,10,4,10,2,1,655,5
278,2,2,2,2,2,2,2,2,2,2,2,2,2,2,2,2,2,2,0,280,5
279,10,10,2,4,10,2,2,2,4,4,6,8,6,6,10,4,8,2,1,605,3
280,4,6,4,2,4,2,4,4,10,2,4,2,10,10,8,6,4,10,1,585,4
281,2,2,2,2,2,2,2,2,2,2,2,2,2,2,2,2,2,2,0,280,1
282,2,2,2,2,2,2,2,2,2,2,2,2,2,2,2,2,2,2,0,280,5
283,2,8,10,2,2,10,8,6,4,8,2,8,6,8,4,2,8,10,1,645,1
284,2,2,2,2,2,2,2,2,2,2,2,2,2,2,2,2,2,2,0,280,3
285,2,2,2,2,2,2,2,2,2,2,2,2,2,2,2,2,2,2,0,280,2
286,2,2,2,2,2,2,2,2,2,2,2,2,2,2,2,2,2,2,0,280,5
287,2,2,2,2,2,2,2,2,2,2,2,2,2,2,2,2,2,2,0,280,4
288,4,6,6,8,10,8,6,4,8,10,4,2,6,6,10,2,6,10,1,685,5
289,2,2,2,2,2,2,2,2,2,2,2,2,2,2,2,2,2,2,0,280,4
290,10,8,6,2,2,4,2,6,6,8,10,2,4,10,6,6,6,4,1,615,5
291,2,2,2,2,2,2,2,2,2,2,2,2,2,2,2,2,2,2,0,280,2
292,2,2,2,2,2,2,2,2,2,2,2,2,2,2,2,2,2,2,0,280,2
293,2,2,2,2,2,2,2,2,2,2,2,2,2,2,2,2,2,2,0,280,4
294,10,2,2,2,4,4,4,2,4,6,4,10,2,6,8,2,6,8,1,535,2
295,8,2,6,10,2,2,6,6,4,10,2,2,10,4,10,6,6,2,2,600,4
296,2,2,2,2,2,2,2,2,2,2,2,2,2,2,2,2,2,2,0,280,4
297,8,10,8,2,2,6,4,6,2,6,10,4,4,4,2,4,4,10,1,585,2
298,4,8,6,6,8,8,6,4,10,6,6,2,10,4,2,8,6,6,2,660,5
299,2,2,2,2,2,2,2,2,2,2,2,2,2,2,2,2,2,2,0,280,1
300,10,8,2,2,10,2,8,8,2,6,8,10,4,8,6,6,4,8,1,665,1
301,2,2,2,2,2,2,2,2,2,2,2,2,2,2,2,2,2,2,0,280,1
302,2,2,2,2,2,2,2,2,2,2,2,2,2,2,2,2,2,2,0,280,4
303,2,2,2,2,2,2,2,2,2,2,2,2,2,2,2,2,2,2,0,280,4
304,2,2,2,2,2,2,2,2,2,2,2,2,2,2,2,2,2,2,0,280,3
305,2,2,6,10,4,10,4,2,8,6,10,8,2,6,8,8,2,8,2,640,1
306,2,2,2,2,2,2,2,2,2,2,2,2,2,2,2,2,2,2,0,280,1
307,2,2,2,2,2,2,2,2,2,2,2,2,2,2,2,2,2,2,0,280,2
308,2,2,2,2,2,2,2,2,2,2,2,2,2,2,2,2,2,2,0,280,2
309,2,2,2,2,2,2,2,2,2,2,2,2,2,2,2,2,2,2,0,280,3
310,2,2,2,2,2,2,2,2,2,2,2,2,2,2,2,2,2,2,0,280,1
311,2,2,2,2,2,2,2,2,2,2,2,2,2,2,2,2,2,2,0,280,5
312,2,2,2,2,2,2,2,2,2,2,2,2,2,2,2,2,2,2,0,280,1
313,2,2,2,2,2,2,2,2,2,2,2,2,2,2,2,2,2,2,0,280,5
314,2,10,6,4,10,6,4,2,6,2,8,2,4,2,2,10,6,8,2,580,3
315,2,2,2,2,2,2,2,2,2,2,2,2,2,2,2,2,2,2,0,280,1
316,2,2,2,2,2,2,2,2,2,2,2,2,2,2,2,2,2,2,0,280,5
317,2,10,8,10,8,8,6,8,4,10,4,8,4,2,10,8,6,8,2,730,4
318,2,2,2,2,2,2,2,2,2,2,2,2,2,2,2,2,2,2,0,280,1
319,2,2,2,2,2,2,2,2,2,2,2,2,2,2,2,2,2,2,0,280,4
320,6,10,4,6,6,4,2,6,10,4,8,8,4,6,10,4,4,6,1,645,4
321,2,2,2,2,2,2,2,2,2,2,2,2,2,2,2,2,2,2,0,280,1
322,2,2,2,2,2,2,2,2,2,2,2,2,2,2,2,2,2,2,0,280,2
323,10,8,2,8,10,8,8,4,4,6,10,2,4,10,4,4,4,6,1,665,3
324,2,2,2,2,2,2,2,2,2,2,2,2,2,2,2,2,2,2,0,280,1
325,2,2,2,2,2,2,2,2,2,2,2,2,2,2,2,2,2,2,0,280,3
326,2,2,2,2,2,2,2,2,2,2,2,2,2,2,2,2,2,2,0,280,2
327,2,2,2,2,2,2,2,2,2,2,2,2,2,2,2,2,2,2,0,280,1
328,2,2,2,2,2,2,2,2,2,2,2,2,2,2,2,2,2,2,0,280,2
329,2,2,2,2,2,2,2,2,2,2,2,2,2,2,2,2,2,2,0,280,2
330,8,4,4,4,8,2,2,10,10,8,2,6,6,2,6,10,8,6,2,640,4
331,2,2,4,10,2,10,2,4,8,8,6,4,10,4,8,6,8,8,2,640,3
332,2,2,2,2,2,2,2,2,2,2,2,2,2,2,2,2,2,2,0,280,4
333,2,2,2,2,2,2,2,2,2,2,2,2,2,2,2,2,2,2,0,280,1
334,2,2,2,2,2,2,2,2,2,2,2,2,2,2,2,2,2,2,0,280,1
335,2,2,2,2,2,2,2,2,2,2,2,2,2,2,2,2,2,2,0,280,5
336,2,8,2,6,4,10,4,10,10,6,6,6,8,10,10,2,4,4,1,665,4
337,2,2,2,2,2,2,2,2,2,2,2,2,2,2,2,2,2,2,0,280,5
338,2,2,2,2,2,2,2,2,2,2,2,2,2,2,2,2,2,2,0,280,3
339,2,2,2,2,2,2,2,2,2,2,2,2,2,2,2,2,2,2,0,280,2
340,2,2,2,2,2,2,2,2,2,2,2,2,2,2,2,2,2,2,0,280,2
341,2,2,2,2,2,2,2,2,2,2,2,2,2,2,2,2,2,2,0,280,2
342,2,2,2,2,2,2,2,2,2,2,2,2,2,2,2,2,2,2,0,280,3
343,2,2,2,2,2,2,2,2,2,2,2,2,2,2,2,2,2,2,0,280,3
344,2,2,2,2,2,2,2,2,2,2,2,2,2,2,2,2,2,2,0,280,2
345,2,2,2,2,2,2,2,2,2,2,2,2,2,2,2,2,2,2,0,280,5
346,2,2,2,2,2,2,2,2,2,2,2,2,2,2,2,2,2,2,0,280,4
347,6,6,6,10,4,4,2,10,8,2,2,8,8,2,8,8,4,2,2,610,4
348,2,2,2,2,2,2,2,2,2,2,2,2,2,2,2,2,2,2,0,280,2
349,2,2,2,2,2,2,2,2,2,2,2,2,2,2,2,2,2,2,0,280,1
350,2,2,2,2,2,2,2,2,2,2,2,2,2,2,2,2,2,2,0,280,5
351,2,2,2,2,2,2,2,2,2,2,2,2,2,2,2,2,2,2,0,280,2
352,10,6,2,4,2,4,6,2,2,8,4,6,6,8,6,8,4,8,1,585,1
353,2,2,2,2,2,2,2,2,2,2,2,2,2,2,2,2,2,2,0,280,4
354,2,8,6,2,4,4,2,6,4,2,4,4,8,6,4,2,4,2,1,475,1
355,2,2,2,2,2,2,2,2,2,2,2,2,2,2,2,2,2,2,0,280,1
356,2,2,2,2,2,2,2,2,2,2,2,2,2,2,2,2,2,2,0,280,2
357,2,2,2,2,2,2,2,2,2,2,2,2,2,2,2,2,2,2,0,280,5
358,2,2,2,2,2,2,2,2,2,2,2,2,2,2,2,2,2,2,0,280,1
359,2,2,2,2,2,2,2,2,2,2,2,2,2,2,2,2,2,2,0,280,2
360,2,2,2,2,2,2,2,2,2,2,2,2,2,2,2,2,2,2,0,280,3
361,6,8,4,2,4,10,6,8,4,6,6,10,4,4,4,6,2,6,1,605,2
362,2,2,2,2,2,2,2,2,2,2,2,2,2,2,2,2,2,2,0,280,4
363,6,8,2,10,6,4,4,10,8,2,4,4,8,10,6,2,2,10,1,635,3
364,8,10,8,2,2,8,6,4,6,10,8,8,2,10,2,6,8,8,1,685,3
365,2,2,2,2,2,2,2,2,2,2,2,2,2,2,2,2,2,2,0,280,5
366,2,2,2,2,2,2,2,2,2,2,2,2,2,2,2,2,2,2,0,280,4
367,6,6,2,10,8,10,2,8,6,2,8,4,2,6,10,8,4,8,2,660,1
368,2,2,2,2,2,2,2,2,2,2,2,2,2,2,2,2,2,2,0,280,5
369,8,4,4,6,2,2,10,8,2,10,2,2,6,6,4,10,6,4,2,590,2
370,2,2,2,2,2,2,2,2,2,2,2,2,2,2,2,2,2,2,0,280,1
371,4,4,6,8,6,2,4,2,2,8,4,6,6,8,10,2,10,2,1,575,1
372,2,2,2,2,2,2,2,2,2,2,2,2,2,2,2,2,2,2,0,280,3
373,2,2,2,2,2,2,2,2,2,2,2,2,2,2,2,2,2,2,0,280,2
374,2,2,2,2,2,2,2,2,2,2,2,2,2,2,2,2,2,2,0,280,5
375,2,2,2,2,2,2,2,2,2,2,2,2,2,2,2,2,2,2,0,280,3
376,2,2,2,2,2,2,2,2,2,2,2,2,2,2,2,2,2,2,0,280,3
377,4,4,8,6,6,4,10,2,8,8,8,6,6,8,6,4,2,2,2,620,5
378,2,2,2,2,2,2,2,2,2,2,2,2,2,2,2,2,2,2,0,280,4
379,2,2,2,2,2,2,2,2,2,2,2,2,2,2,2,2,2,2,0,280,1
380,2,2,2,2,2,2,2,2,2,2,2,2,2,2,2,2,2,2,0,280,5
381,10,2,4,10,4,6,8,10,10,4,6,6,4,6,4,6,2,6,2,650,2
382,2,2,2,2,2,2,2,2,2,2,2,2,2,2,2,2,2,2,0,280,4
383,10,6,4,10,2,6,8,10,6,8,8,2,6,8,8,2,4,6,1,675,1
384,2,2,2,2,2,2,2,2,2,2,2,2,2,2,2,2,2,2,0,280,3
385,10,10,8,8,6,8,2,10,6,10,6,4,6,6,8,2,4,8,1,715,3
386,8,4,6,4,4,6,2,8,2,2,8,8,2,10,4,6,10,8,1,615,3
387,2,2,2,2,2,2,2,2,2,2,2,2,2,2,2,2,2,2,0,280,4
388,8,4,8,4,2,6,6,2,4,10,4,6,6,10,2,2,8,2,1,575,5
389,2,2,2,2,2,2,2,2,2,2,2,2,2,2,2,2,2,2,0,280,4
390,2,2,2,2,2,2,2,2,2,2,2,2,2,2,2,2,2,2,0,280,4
391,2,2,2,2,2,2,2,2,2,2,2,2,2,2,2,2,2,2,0,280,4
392,2,2,2,2,2,2,2,2,2,2,2,2,2,2,2,2,2,2,0,280,2
393,2,2,2,2,2,2,2,2,2,2,2,2,2,2,2,2,2,2,0,280,3
394,2,2,2,2,2,2,2,2,2,2,2,2,2,2,2,2,2,2,0,280,2
395,2,2,2,2,2,2,2,2,2,2,2,2,2,2,2,2,2,2,0,280,5
396,2,2,2,2,2,2,2,2,2,2,2,2,2,2,2,2,2,2,0,280,5
397,2,2,2,2,2,2,2,2,2,2,2,2,2,2,2,2,2,2,0,280,1
398,2,2,2,2,2,2,2,2,2,2,2,2,2,2,2,2,2,2,0,280,5
399,2,2,2,2,2,2,2,2,2,2,2,2,2,2,2,2,2,2,0,280,4
400,2,2,2,2,2,2,2,2,2,2,2,2,2,2,2,2,2,2,0,280,5
401,6,2,10,4,6,6,4,8,2,6,2,6,10,10,8,10,4,4,1,645,1
402,2,2,2,2,2,2,2,2,2,2,2,2,2,2,2,2,2,2,0,280,4
403,2,2,2,2,2,2,2,2,2,2,2,2,2,2,2,2,2,2,0,280,4
404,8,10,6,8,6,6,4,10,10,8,2,8,8,6,2,10,8,6,2,740,5
405,4,2,4,6,2,6,6,10,10,6,6,2,4,4,2,4,6,6,2,560,5
406,2,2,2,2,2,2,2,2,2,2,2,2,2,2,2,2,2,2,0,280,3
407,4,6,10,10,2,2,2,8,4,4,10,6,8,2,10,10,8,10,2,690,3
408,2,2,2,2,2,2,2,2,2,2,2,2,2,2,2,2,2,2,0,280,4
409,2,2,2,2,2,2,2,2,2,2,2,2,2,2,2,2,2,2,0,280,2
410,8,10,4,8,8,2,4,4,10,8,8,8,4,4,4,8,8,6,2,690,4
411,2,2,2,2,2,2,2,2,2,2,2,2,2,2,2,2,2,2,0,280,3
412,2,2,2,2,2,2,2,2,2,2,2,2,2,2,2,2,2,2,0,280,3
413,2,2,2,2,2,2,2,2,2,2,2,2,2,2,2,2,2,2,0,280,3
414,10,4,6,2,4,4,10,2,4,10,8,6,4,10,4,6,8,4,1,635,2
415,6,2,10,6,4,4,8,10,10,10,6,6,10,2,6,8,6,2,2,690,3
416,2,2,2,2,2,2,2,2,2,2,2,2,2,2,2,2,2,2,0,280,4
417,2,2,2,2,2,2,2,2,2,2,2,2,2,2,2,2,2,2,0,280,3
418,2,2,2,2,2,2,2,2,2,2,2,2,2,2,2,2,2,2,0,280,1
419,4,10,10,2,8,6,2,8,4,2,10,10,4,6,10,8,6,10,1,705,1
420,4,2,8,8,4,10,4,4,6,10,8,4,4,10,4,10,4,2,2,640,3
421,6,4,4,4,2,2,6,2,10,2,8,10,10,10,10,6,6,8,1,655,1
422,2,10,8,4,8,4,2,8,6,8,10,2,6,8,2,6,6,2,2,620,4
423,2,2,2,2,2,2,2,2,2,2,2,2,2,2,2,2,2,2,0,280,5
424,4,10,4,8,10,10,10,6,6,8,8,2,8,4,8,8,2,10,1,735,4
425,2,2,2,2,2,2,2,2,2,2,2,2,2,2,2,2,2,2,0,280,4
426,10,6,10,8,8,10,4,8,8,10,10,8,6,2,2,6,10,4,2,760,2
427,2,8,2,2,10,10,8,6,4,4,10,2,10,2,4,2,8,10,1,625,3
428,2,2,2,2,2,2,2,2,2,2,2,2,2,2,2,2,2,2,0,280,4
429,2,2,2,2,2,2,2,2,2,2,2,2,2,2,2,2,2,2,0,280,5
430,6,6,10,4,8,8,6,4,2,4,10,8,2,2,6,10,2,8,2,640,1
431,10,4,2,10,10,6,10,6,6,2,8,2,8,4,6,4,2,4,2,630,4
432,4,4,6,8,6,6,10,10,10,10,8,2,8,4,10,8,8,10,2,770,3
433,6,10,6,10,4,6,6,6,6,6,2,6,2,10,8,6,8,8,1,685,2
434,2,2,2,2,2,2,2,2,2,2,2,2,2,2,2,2,2,2,0,280,4
435,2,2,2,2,2,2,2,2,2,2,2,2,2,2,2,2,2,2,0,280,1
436,8,4,10,2,8,8,8,2,6,8,6,6,2,4,6,8,8,2,2,640,2
437,2,2,2,2,2,2,2,2,2,2,2,2,2,2,2,2,2,2,0,280,2
438,8,4,2,6,8,2,4,8,6,2,6,2,6,8,8,6,6,4,2,590,4
439,2,2,2,2,2,2,2,2,2,2,2,2,2,2,2,2,2,2,0,280,3
440,2,2,2,2,2,2,2,2,2,2,2,2,2,2,2,2,2,2,0,280,5
441,2,2,2,2,2,2,2,2,2,2,2,2,2,2,2,2,2,2,0,280,1
442,6,4,2,4,8,8,2,4,4,10,6,10,2,6,6,6,2,8,1,595,3
443,2,2,2,2,2,2,2,2,2,2,2,2,2,2,2,2,2,2,0,280,3
444,2,2,2,2,2,2,2,2,2,2,2,2,2,2,2,2,2,2,0,280,3
445,10,10,6,8,4,6,6,6,6,6,10,6,2,10,10,10,2,8,1,735,1
446,2,2,2,2,2,2,2,2,2,2,2,2,2,2,2,2,2,2,0,280,1
447,2,2,2,2,2,2,2,2,2,2,2,2,2,2,2,2,2,2,0,280,2
448,2,2,2,2,2,2,2,2,2,2,2,2,2,2,2,2,2,2,0,280,1
449,2,2,2,2,2,2,2,2,2,2,2,2,2,2,2,2,2,2,0,280,5
450,4,4,10,8,6,6,2,4,4,6,8,4,2,4,2,10,4,4,2,570,2
451,10,6,2,6,2,6,2,6,4,2,4,4,10,2,2,8,8,10,1,575,1
452,10,8,4,4,10,2,8,2,2,8,8,8,10,2,8,2,6,8,1,655,3
453,2,2,2,2,2,2,2,2,2,2,2,2,2,2,2,2,2,2,0,280,4
454,2,2,2,2,2,2,2,2,2,2,2,2,2,2,2,2,2,2,0,280,5
455,2,10,4,10,8,10,4,6,4,2,6,10,2,8,8,2,4,8,1,645,5
456,8,4,2,8,4,8,2,10,6,2,4,8,2,8,6,8,8,2,2,610,3
457,2,2,2,2,2,2,2,2,2,2,2,2,2,2,2,2,2,2,0,280,5
458,2,2,2,2,2,2,2,2,2,2,2,2,2,2,2,2,2,2,0,280,3
459,2,2,2,2,2,2,2,2,2,2,2,2,2,2,2,2,2,2,0,280,5
460,4,4,4,8,6,2,4,6,2,4,6,2,4,4,8,10,10,8,2,590,5
461,2,2,2,2,2,2,2,2,2,2,2,2,2,2,2,2,2,2,0,280,4
462,2,2,2,2,2,2,2,2,2,2,2,2,2,2,2,2,2,2,0,280,1
463,2,2,2,2,2,2,2,2,2,2,2,2,2,2,2,2,2,2,0,280,3
464,2,2,2,2,2,2,2,2,2,2,2,2,2,2,2,2,2,2,0,280,4
465,2,2,2,2,2,2,2,2,2,2,2,2,2,2,2,2,2,2,0,280,3
466,8,10,4,4,6,4,4,4,2,10,2,2,10,6,10,8,6,10,1,655,1
467,6,2,6,2,2,6,6,4,2,4,4,10,6,8,6,10,6,2,1,565,1
468,2,2,2,2,2,2,2,2,2,2,2,2,2,2,2,2,2,2,0,280,3
469,2,2,2,2,2,2,2,2,2,2,2,2,2,2,2,2,2,2,0,280,1
470,10,8,4,2,6,6,8,8,2,2,6,2,10,2,10,4,10,4,1,625,4
471,10,8,2,8,2,8,8,8,6,10,6,4,10,2,8,4,2,4,2,660,2
472,2,2,2,2,2,2,2,2,2,2,2,2,2,2,2,2,2,2,0,280,2
473,2,2,2,2,2,2,2,2,2,2,2,2,2,2,2,2,2,2,0,280,1
474,2,10,4,10,8,4,8,4,4,10,6,4,2,6,10,6,10,4,2,670,3
475,2,2,2,10,2,2,4,4,2,6,6,4,2,6,2,2,8,6,0,460,3
476,2,2,2,2,2,2,2,2,2,2,2,2,2,2,2,2,2,2,0,280,1
477,4,2,10,4,10,4,10,2,10,6,4,8,4,4,6,2,4,6,2,610,4
478,2,2,2,2,2,2,2,2,2,2,2,2,2,2,2,2,2,2,0,280,3
479,2,2,2,2,2,2,2,2,2,2,2,2,2,2,2,2,2,2,0,280,4
480,2,2,2,2,2,2,2,2,2,2,2,2,2,2,2,2,2,2,0,280,1
481,2,2,2,2,2,2,2,2,2,2,2,2,2,2,2,2,2,2,0,280,5
482,8,4,4,2,10,4,6,2,2,10,4,6,6,4,8,4,2,6,1,565,5
483,10,10,8,6,10,6,4,10,4,4,4,8,4,2,10,6,4,6,2,690,5
484,8,2,2,6,6,10,6,6,6,6,2,10,4,6,2,2,4,10,1,595,4
485,4,8,6,8,8,8,6,4,6,8,6,6,10,8,6,4,10,4,1,705,2
486,2,2,2,2,2,2,2,2,2,2,2,2,2,2,2,2,2,2,0,280,2
487,2,2,2,2,2,2,2,2,2,2,2,2,2,2,2,2,2,2,0,280,3
488,2,2,2,2,2,2,2,2,2,2,2,2,2,2,2,2,2,2,0,280,2
489,2,2,2,2,2,2,2,2,2,2,2,2,2,2,2,2,2,2,0,280,3
490,2,2,2,2,2,2,2,2,2,2,2,2,2,2,2,2,2,2,0,280,5
491,2,2,2,2,2,2,2,2,2,2,2,2,2,2,2,2,2,2,0,280,1
492,2,2,2,2,2,2,2,2,2,2,2,2,2,2,2,2,2,2,0,280,1
493,2,2,2,2,2,2,2,2,2,2,2,2,2,2,2,2,2,2,0,280,2
494,2,2,2,2,2,2,2,2,2,2,2,2,2,2,2,2,2,2,0,280,3
495,10,6,8,6,10,10,6,2,10,8,8,10,2,2,4,4,8,8,2,720,2
496,2,2,2,2,2,2,2,2,2,2,2,2,2,2,2,2,2,2,0,280,2
497,2,2,2,2,2,2,2,2,2,2,2,2,2,2,2,2,2,2,0,280,5
498,6,2,4,8,4,6,8,2,2,6,2,4,8,2,10,8,6,4,2,570,3
499,2,2,2,2,2,2,2,2,2,2,2,2,2,2,2,2,2,2,0,280,2
500,2,2,2,2,2,2,2,2,2,2,2,2,2,2,2,2,2,2,0,280,1
501,2,2,2,2,2,2,2,2,2,2,2,2,2,2,2,2,2,2,0,280,3
502,2,2,2,2,2,2,2,2,2,2,2,2,2,2,2,2,2,2,0,280,1
503,2,2,6,8,4,10,6,4,2,2,10,10,8,6,4,2,10,4,1,605,3
504,2,2,2,2,2,2,2,2,2,2,2,2,2,2,2,2,2,2,0,280,1
505,2,2,2,2,2,2,2,2,2,2,2,2,2,2,2,2,2,2,0,280,4
506,2,2,2,2,2,2,2,2,2,2,2,2,2,2,2,2,2,2,0,280,5
507,6,10,4,6,8,2,10,6,6,8,2,6,10,8,2,4,4,8,1,655,2
508,2,2,2,2,2,2,2,2,2,2,2,2,2,2,2,2,2,2,0,280,1
509,2,2,2,2,2,2,2,2,2,2,2,2,2,2,2,2,2,2,0,280,4
510,10,10,8,8,8,4,4,4,10,10,8,6,6,4,10,6,4,10,2,760,3
511,2,2,8,10,8,2,6,2,10,6,8,6,10,6,10,10,4,6,2,690,1
512,2,2,2,2,2,2,2,2,2,2,2,2,2,2,2,2,2,2,0,280,1
513,6,2,4,4,8,6,6,8,10,2,8,2,2,6,2,4,8,2,2,560,3
514,2,2,2,2,2,2,2,2,2,2,2,2,2,2,2,2,2,2,0,280,3
515,10,2,6,8,10,10,6,8,8,6,6,4,4,10,2,4,4,6,2,680,3
516,2,2,2,2,2,2,2,2,2,2,2,2,2,2,2,2,2,2,0,280,1
517,2,2,2,2,2,2,2,2,2,2,2,2,2,2,2,2,2,2,0,280,4
518,6,10,8,8,4,10,4,2,6,6,4,2,6,4,6,2,4,8,1,605,1
519,2,2,2,2,2,2,2,2,2,2,2,2,2,2,2,2,2,2,0,280,1
520,2,2,2,2,2,2,2,2,2,2,2,2,2,2,2,2,2,2,0,280,5
521,2,6,10,10,10,2,8,4,6,4,8,8,4,10,10,10,4,10,1,735,1
522,2,6,2,8,2,6,2,2,4,2,6,2,6,10,6,6,10,4,1,535,4
523,2,2,2,2,2,2,2,2,2,2,2,2,2,2,2,2,2,2,0,280,4
524,2,2,2,2,2,2,2,2,2,2,2,2,2,2,2,2,2,2,0,280,2
525,2,2,2,2,2,2,2,2,2,2,2,2,2,2,2,2,2,2,0,280,4
526,6,10,6,6,4,10,10,10,6,2,4,6,6,6,2,10,10,4,2,700,4
527,2,2,2,2,2,2,2,2,2,2,2,2,2,2,2,2,2,2,0,280,2
528,2,2,2,2,2,2,2,2,2,2,2,2,2,2,2,2,2,2,0,280,2
529,2,2,2,2,2,2,2,2,2,2,2,2,2,2,2,2,2,2,0,280,3
530,6,6,10,8,6,10,6,4,2,2,10,4,10,8,8,8,10,6,1,725,2
531,2,2,2,2,2,2,2,2,2,2,2,2,2,2,2,2,2,2,0,280,4
532,2,4,6,4,4,4,6,10,4,2,10,8,4,6,6,6,2,8,1,585,5
533,2,2,2,2,2,2,2,2,2,2,2,2,2,2,2,2,2,2,0,280,2
534,6,10,10,8,6,4,4,4,2,10,6,10,2,8,2,10,2,2,2,640,1
535,2,2,2,2,2,2,2,2,2,2,2,2,2,2,2,2,2,2,0,280,3
536,6,8,6,10,4,10,4,6,2,8,2,10,4,8,6,2,10,6,1,665,1
537,2,2,2,2,2,2,2,2,2,2,2,2,2,2,2,2,2,2,0,280,3
538,10,4,8,2,2,4,10,10,8,6,10,6,6,2,4,8,6,4,2,660,3
539,2,2,2,2,2,2,2,2,2,2,2,2,2,2,2,2,2,2,0,280,3
540,2,2,2,2,2,2,2,2,2,2,2,2,2,2,2,2,2,2,0,280,4
541,4,6,8,2,2,4,2,4,6,10,2,4,4,8,10,6,2,8,1,565,4
542,2,2,2,2,2,2,2,2,2,2,2,2,2,2,2,2,2,2,0,280,5
543,2,2,2,2,2,2,2,2,2,2,2,2,2,2,2,2,2,2,0,280,5
544,2,2,2,2,2,2,2,2,2,2,2,2,2,2,2,2,2,2,0,280,4
545,2,2,2,2,2,2,2,2,2,2,2,2,2,2,2,2,2,2,0,280,3
546,2,2,2,2,2,2,2,2,2,2,2,2,2,2,2,2,2,2,0,280,1
547,2,2,2,2,2,2,2,2,2,2,2,2,2,2,2,2,2,2,0,280,1
548,2,2,2,2,2,2,2,2,2,2,2,2,2,2,2,2,2,2,0,280,2
549,2,2,2,2,2,2,2,2,2,2,2,2,2,2,2,2,2,2,0,280,3
550,2,2,2,2,2,2,2,2,2,2,2,2,2,2,2,2,2,2,0,280,5
551,2,2,2,2,2,2,2,2,2,2,2,2,2,2,2,2,2,2,0,280,2
552,2,2,2,2,2,2,2,2,2,2,2,2,2,2,2,2,2,2,0,280,5
553,2,2,2,2,2,2,2,2,2,2,2,2,2,2,2,2,2,2,0,280,2
554,2,2,10,2,2,6,6,8,10,6,8,2,6,8,2,2,8,2,2,570,2
555,2,2,2,2,2,2,2,2,2,2,2,2,2,2,2,2,2,2,0,280,5
556,2,2,2,2,2,2,2,2,2,2,2,2,2,2,2,2,2,2,0,280,4
557,4,10,10,10,2,10,2,10,4,8,4,6,6,6,4,10,6,10,1,715,4
558,8,4,8,4,8,10,10,10,8,6,2,10,4,10,2,8,6,4,2,720,3
559,2,2,2,4,2,8,2,2,4,8,6,4,10,4,8,6,2,4,1,505,4
560,6,8,8,4,10,8,2,10,4,6,2,10,8,2,4,2,10,10,1,675,1
561,2,2,2,2,2,2,2,2,2,2,2,2,2,2,2,2,2,2,0,280,5
562,2,2,2,2,2,2,2,2,2,2,2,2,2,2,2,2,2,2,0,280,2
563,2,2,2,2,2,2,2,2,2,2,2,2,2,2,2,2,2,2,0,280,3
564,2,8,4,4,8,10,6,4,6,6,6,10,6,2,6,6,10,2,2,640,5
565,2,2,2,2,2,2,2,2,2,2,2,2,2,2,2,2,2,2,0,280,2
566,2,2,2,2,2,2,2,2,2,2,2,2,2,2,2,2,2,2,0,280,3
567,2,2,2,2,2,2,2,2,2,2,2,2,2,2,2,2,2,2,0,280,5
568,2,2,2,2,2,2,2,2,2,2,2,2,2,2,2,2,2,2,0,280,5
569,2,2,2,2,2,2,2,2,2,2,2,2,2,2,2,2,2,2,0,280,2
570,8,8,4,6,8,2,8,8,8,2,4,4,6,10,6,4,8,6,1,655,1
571,2,2,2,2,2,2,2,2,2,2,2,2,2,2,2,2,2,2,0,280,5
572,2,2,2,2,2,2,2,2,2,2,2,2,2,2,2,2,2,2,0,280,4
573,2,10,8,10,2,2,6,8,6,6,10,4,4,8,2,10,8,4,2,660,2
574,2,2,2,2,2,2,2,2,2,2,2,2,2,2,2,2,2,2,0,280,5
575,8,2,6,8,2,2,4,10,4,2,8,6,8,10,4,8,4,10,1,635,3
576,6,6,6,6,10,8,8,2,8,10,6,2,2,4,4,6,6,2,2,620,1
577,2,2,4,8,8,10,10,2,10,6,6,2,6,4,4,10,6,4,2,630,2
578,2,2,2,2,2,2,2,2,2,2,2,2,2,2,2,2,2,2,0,280,5
579,2,2,2,2,2,2,2,2,2,2,2,2,2,2,2,2,2,2,0,280,1
580,2,2,2,2,2,2,2,2,2,2,2,2,2,2,2,2,2,2,0,280,5
581,10,6,8,4,4,4,4,8,4,6,4,10,2,10,8,6,8,4,1,655,3
582,2,2,2,2,2,2,2,2,2,2,2,2,2,2,2,2,2,2,0,280,3
583,10,8,8,8,10,4,10,2,2,8,6,4,10,10,6,4,2,10,1,715,5
584,10,8,2,10,8,6,10,8,8,2,8,2,4,2,6,10,6,4,2,680,5
585,2,2,2,2,2,2,2,2,2,2,2,2,2,2,2,2,2,2,0,280,1
586,2,2,2,2,2,2,2,2,2,2,2,2,2,2,2,2,2,2,0,280,5
587,2,6,10,4,4,2,8,10,6,8,2,6,6,4,10,6,8,6,2,650,2
588,2,2,2,2,2,2,2,2,2,2,2,2,2,2,2,2,2,2,0,280,5
589,6,4,2,4,8,2,2,10,10,2,8,10,6,10,6,10,8,10,1,695,1
590,2,2,2,2,2,2,2,2,2,2,2,2,2,2,2,2,2,2,0,280,5
591,4,6,4,4,10,4,8,6,4,2,2,2,8,2,10,10,10,8,2,630,1
592,2,2,2,2,2,2,2,2,2,2,2,2,2,2,2,2,2,2,0,280,2
593,2,2,2,2,2,2,2,2,2,2,2,2,2,2,2,2,2,2,0,280,1
594,2,2,2,2,2,2,2,2,2,2,2,2,2,2,2,2,2,2,0,280,4
595,4,8,4,2,2,2,6,2,4,8,8,4,10,6,2,2,8,2,1,525,2
596,2,2,2,2,2,2,2,2,2,2,2,2,2,2,2,2,2,2,0,280,3
597,2,2,2,2,2,2,2,2,2,2,2,2,2,2,2,2,2,2,0,280,5
598,10,2,4,10,2,10,8,4,6,2,6,8,8,2,10,8,4,2,2,640,1
599,2,2,2,2,2,2,2,2,2,2,2,2,2,2,2,2,2,2,0,280,3
600,2,2,2,2,2,2,2,2,2,2,2,2,2,2,2,2,2,2,0,280,3
601,2,2,6,8,10,8,6,6,4,10,4,2,4,4,6,8,10,10,2,660,5
602,6,2,6,4,8,8,2,4,6,10,2,6,6,2,10,8,8,10,2,650,3
603,2,2,2,2,2,2,2,2,2,2,2,2,2,2,2,2,2,2,0,280,4
604,8,4,4,4,10,8,10,10,6,2,10,8,8,2,2,6,8,6,2,690,4
605,2,2,2,2,2,2,2,2,2,2,2,2,2,2,2,2,2,2,0,280,1
606,2,2,2,2,2,2,2,2,2,2,2,2,2,2,2,2,2,2,0,280,5
607,2,2,2,2,2,2,2,2,2,2,2,2,2,2,2,2,2,2,0,280,1
608,2,2,2,2,2,2,2,2,2,2,2,2,2,2,2,2,2,2,0,280,5
609,10,2,10,4,4,10,8,4,8,10,10,10,10,8,2,6,10,2,2,750,2
610,2,6,4,4,2,8,6,6,4,4,10,10,10,10,4,6,8,10,1,675,2
611,2,2,2,2,2,2,2,2,2,2,2,2,2,2,2,2,2,2,0,280,3
612,2,2,2,2,2,2,2,2,2,2,2,2,2,2,2,2,2,2,0,280,5
613,10,4,4,10,4,6,8,4,2,8,10,8,10,6,10,2,10,8,1,725,2
614,8,6,10,2,4,2,6,8,10,4,10,6,10,2,10,8,10,6,2,720,3
615,4,10,2,6,2,4,10,6,6,8,10,2,10,4,2,4,4,4,1,595,1
616,2,2,2,2,2,2,2,2,2,2,2,2,2,2,2,2,2,2,0,280,2
617,2,2,2,2,2,2,2,2,2,2,2,2,2,2,2,2,2,2,0,280,1
618,8,8,6,2,8,4,4,10,10,8,4,2,2,2,4,2,2,2,2,550,1
619,2,2,2,2,2,2,2,2,2,2,2,2,2,2,2,2,2,2,0,280,4
620,2,2,2,2,2,2,2,2,2,2,2,2,2,2,2,2,2,2,0,280,1
621,2,2,2,2,2,2,2,2,2,2,2,2,2,2,2,2,2,2,0,280,1
622,2,10,2,2,6,2,8,10,10,4,2,10,10,6,4,10,8,6,1,665,2
623,2,2,2,2,2,2,2,2,2,2,2,2,2,2,2,2,2,2,0,280,3
624,2,2,2,2,2,2,2,2,2,2,2,2,2,2,2,2,2,2,0,280,2
625,2,2,2,2,2,2,2,2,2,2,2,2,2,2,2,2,2,2,0,280,4
626,2,2,2,2,2,2,2,2,2,2,2,2,2,2,2,2,2,2,0,280,3
627,2,2,2,2,2,2,2,2,2,2,2,2,2,2,2,2,2,2,0,280,1
628,2,2,2,2,2,2,2,2,2,2,2,2,2,2,2,2,2,2,0,280,4
629,2,2,2,2,2,2,2,2,2,2,2,2,2,2,2,2,2,2,0,280,1
630,2,2,2,2,2,2,2,2,2,2,2,2,2,2,2,2,2,2,0,280,1
631,10,10,6,10,6,6,4,2,4,2,10,8,2,8,10,2,10,8,1,695,2
632,4,2,10,6,4,10,8,6,2,10,4,6,10,2,4,4,6,4,2,620,4
633,2,2,2,2,2,2,2,2,2,2,2,2,2,2,2,2,2,2,0,280,3
634,2,8,10,6,4,10,6,2,4,4,8,10,8,10,8,10,4,4,1,695,2
635,8,8,10,8,8,4,4,6,8,2,8,10,2,6,8,4,10,2,2,690,2
636,6,10,2,2,2,6,2,8,2,4,6,8,8,8,6,2,2,2,1,535,4
637,2,2,2,2,2,2,2,2,2,2,2,2,2,2,2,2,2,2,0,280,5
638,2,2,2,2,2,2,2,2,2,2,2,2,2,2,2,2,2,2,0,280,5
639,2,2,2,2,2,2,2,2,2,2,2,2,2,2,2,2,2,2,0,280,3
640,2,2,2,2,2,2,2,2,2,2,2,2,2,2,2,2,2,2,0,280,3
641,6,6,4,8,6,4,4,8,10,6,10,4,8,8,2,6,6,4,2,660,4
642,2,2,2,2,2,2,2,2,2,2,2,2,2,2,2,2,2,2,0,280,2
643,2,2,2,2,2,2,2,2,2,2,2,2,2,2,2,2,2,2,0,280,5
644,10,8,4,8,2,6,6,6,2,2,2,10,4,2,4,4,4,8,1,565,5
645,2,2,2,2,2,2,2,2,2,2,2,2,2,2,2,2,2,2,0,280,2
646,2,2,2,2,2,2,2,2,2,2,2,2,2,2,2,2,2,2,0,280,2
647,2,2,2,2,2,2,2,2,2,2,2,2,2,2,2,2,2,2,0,280,3
648,2,2,2,2,2,2,2,2,2,2,2,2,2,2,2,2,2,2,0,280,2
649,2,2,2,2,2,2,2,2,2,2,2,2,2,2,2,2,2,2,0,280,1
650,2,2,8,4,6,8,8,6,2,8,2,10,8,8,6,6,8,6,1,645,3
651,2,2,2,2,2,2,2,2,2,2,2,2,2,2,2,2,2,2,0,280,1
652,8,6,2,8,8,10,6,8,10,2,10,4,4,8,2,4,10,4,2,680,2
653,2,2,2,2,2,2,2,2,2,2,2,2,2,2,2,2,2,2,0,280,5
654,2,2,2,2,2,2,2,2,2,2,2,2,2,2,2,2,2,2,0,280,3
655,2,2,2,2,2,2,2,2,2,2,2,2,2,2,2,2,2,2,0,280,4
656,2,2,2,2,2,2,2,2,2,2,2,2,2,2,2,2,2,2,0,280,2
657,2,2,2,2,2,2,2,2,2,2,2,2,2,2,2,2,2,2,0,280,5
658,6,8,6,8,2,6,8,6,10,6,6,2,6,6,4,4,8,2,2,630,3
659,2,8,8,6,6,4,6,8,4,4,2,10,4,8,4,2,2,8,1,585,2
660,10,2,6,8,4,2,4,2,2,6,2,6,2,8,6,4,6,4,1,525,4
661,2,2,2,2,2,2,2,2,2,2,2,2,2,2,2,2,2,2,0,280,3
662,2,2,2,2,2,2,2,2,2,2,2,2,2,2,2,2,2,2,0,280,3
663,2,2,2,2,2,2,2,2,2,2,2,2,2,2,2,2,2,2,0,280,2
664,2,2,2,2,2,2,2,2,2,2,2,2,2,2,2,2,2,2,0,280,4
665,10,8,8,6,2,10,2,8,10,8,8,4,10,8,6,2,6,10,1,735,5
666,8,4,10,6,6,6,4,6,8,4,8,8,6,6,10,4,6,4,2,680,4
667,10,4,6,8,2,8,10,6,10,10,8,4,2,4,10,10,2,6,2,710,3
668,4,8,6,8,10,6,10,8,6,6,8,10,4,2,10,8,4,10,2,750,4
669,2,2,2,2,2,2,2,2,2,2,2,2,2,2,2,2,2,2,0,280,3
670,2,2,2,2,2,2,2,2,2,2,2,2,2,2,2,2,2,2,0,280,5
671,2,2,2,2,2,2,2,2,2,2,2,2,2,2,2,2,2,2,0,280,1
672,2,2,2,2,2,2,2,2,2,2,2,2,2,2,2,2,2,2,0,280,3
673,2,2,2,2,2,2,2,2,2,2,2,2,2,2,2,2,2,2,0,280,4
674,4,8,8,2,8,6,10,4,10,10,10,2,4,10,8,8,10,8,2,760,5
675,2,2,2,2,2,2,2,2,2,2,2,2,2,2,2,2,2,2,0,280,1
676,8,8,2,6,10,10,8,4,4,10,8,4,2,2,4,8,8,10,2,690,3
677,2,10,2,8,4,4,6,4,2,4,10,4,4,6,4,10,4,8,1,585,5
678,2,2,2,2,2,2,2,2,2,2,2,2,2,2,2,2,2,2,0,280,1
679,2,2,2,2,2,2,2,2,2,2,2,2,2,2,2,2,2,2,0,280,5
680,2,2,2,2,2,2,2,2,2,2,2,2,2,2,2,2,2,2,0,280,3
681,2,2,2,2,2,2,2,2,2,2,2,2,2,2,2,2,2,2,0,280,4
682,2,2,2,2,2,2,2,2,2,2,2,2,2,2,2,2,2,2,0,280,4
683,2,2,2,2,2,2,2,2,2,2,2,2,2,2,2,2,2,2,0,280,4
684,2,8,8,6,10,10,2,2,10,8,8,10,6,10,6,6,8,10,1,755,3
685,2,2,2,2,2,2,2,2,2,2,2,2,2,2,2,2,2,2,0,280,5
686,8,10,2,8,10,10,6,6,6,10,2,4,6,4,6,10,6,4,2,700,4
687,2,2,2,2,2,2,2,2,2,2,2,2,2,2,2,2,2,2,0,280,4
688,2,2,2,2,2,2,2,2,2,2,2,2,2,2,2,2,2,2,0,280,5
689,2,2,2,2,2,2,2,2,2,2,2,2,2,2,2,2,2,2,0,280,2
690,4,4,6,6,10,2,2,6,10,8,4,4,10,6,2,6,4,4,2,600,2
691,10,4,6,2,10,8,10,4,4,8,8,6,4,6,2,10,8,6,2,690,5
692,2,2,2,2,2,2,2,2,2,2,2,2,2,2,2,2,2,2,0,280,2
693,2,2,2,2,2,2,2,2,2,2,2,2,2,2,2,2,2,2,0,280,2
694,2,2,2,2,2,2,2,2,2,2,2,2,2,2,2,2,2,2,0,280,1
695,2,2,2,2,2,2,2,2,2,2,2,2,2,2,2,2,2,2,0,280,4
696,2,2,2,2,2,2,2,2,2,2,2,2,2,2,2,2,2,2,0,280,2
697,2,2,2,2,2,2,2,2,2,2,2,2,2,2,2,2,2,2,0,280,3
698,2,2,2,2,2,2,2,2,2,2,2,2,2,2,2,2,2,2,0,280,1
699,2,2,2,2,2,2,2,2,2,2,2,2,2,2,2,2,2,2,0,280,4
700,2,2,2,2,2,2,2,2,2,2,2,2,2,2,2,2,2,2,0,280,2
701,10,4,8,6,6,10,2,2,10,6,10,8,4,6,2,2,2,2,2,610,3
702,2,2,2,2,2,2,2,2,2,2,2,2,2,2,2,2,2,2,0,280,4
703,2,2,2,2,2,2,2,2,2,2,2,2,2,2,2,2,2,2,0,280,4
704,2,2,10,2,8,8,6,4,6,10,8,6,8,4,8,10,8,2,2,670,1
705,10,6,6,6,8,8,10,6,4,8,10,4,2,2,10,8,4,2,2,680,5
706,2,2,2,2,2,2,2,2,2,2,2,2,2,2,2,2,2,2,0,280,3
707,8,2,10,8,8,4,8,4,10,4,4,4,2,8,6,4,6,2,2,620,3
708,2,2,2,2,2,2,2,2,2,2,2,2,2,2,2,2,2,2,0,280,4
709,8,2,2,8,8,4,4,8,10,2,8,4,4,8,2,6,8,2,2,600,2
710,10,6,10,2,2,6,6,6,8,6,10,6,4,10,6,6,4,2,2,660,1
711,2,2,2,2,2,2,2,2,2,2,2,2,2,2,2,2,2,2,0,280,2
712,2,2,2,2,2,2,2,2,2,2,2,2,2,2,2,2,2,2,0,280,1
713,6,2,8,8,10,4,10,4,10,6,2,4,6,2,2,10,6,8,2,650,3
714,2,6,6,6,10,10,2,4,8,10,2,10,6,2,6,4,2,2,2,600,1
715,8,10,10,8,2,6,8,6,2,10,10,2,10,8,4,4,10,10,1,745,1
716,2,6,2,4,2,6,6,8,2,10,10,4,8,10,2,6,4,8,1,605,5
717,8,10,4,4,8,10,6,10,2,10,6,8,2,10,2,6,6,4,1,685,1
718,8,10,6,10,10,4,6,6,10,8,10,6,6,6,6,10,6,2,2,760,3
719,2,2,2,2,2,2,2,2,2,2,2,2,2,2,2,2,2,2,0,280,5
720,2,2,2,2,2,2,2,2,2,2,2,2,2,2,2,2,2,2,0,280,5
721,2,2,2,2,2,2,2,2,2,2,2,2,2,2,2,2,2,2,0,280,1
722,2,2,2,2,2,2,2,2,2,2,2,2,2,2,2,2,2,2,0,280,3
723,10,6,10,10,4,8,6,8,4,2,6,8,10,10,6,2,8,10,1,745,2
724,2,2,2,2,2,2,2,2,2,2,2,2,2,2,2,2,2,2,0,280,2
725,2,2,8,6,8,8,2,10,6,8,10,6,2,10,6,2,4,6,1,635,3
726,2,2,2,2,2,2,2,2,2,2,2,2,2,2,2,2,2,2,0,280,4
727,2,2,2,2,2,2,2,2,2,2,2,2,2,2,2,2,2,2,0,280,5
728,10,8,4,4,6,8,4,2,8,2,10,2,8,8,10,2,8,6,1,655,3
729,2,2,2,2,2,2,2,2,2,2,2,2,2,2,2,2,2,2,0,280,4
730,2,2,2,2,2,2,2,2,2,2,2,2,2,2,2,2,2,2,0,280,1
731,2,2,2,2,2,2,2,2,2,2,2,2,2,2,2,2,2,2,0,280,4
732,2,2,2,2,2,2,2,2,2,2,2,2,2,2,2,2,2,2,0,280,1
733,4,2,10,4,8,2,10,10,2,4,6,2,4,4,2,6,8,6,2,580,5
734,2,2,2,2,2,2,2,2,2,2,2,2,2,2,2,2,2,2,0,280,5
735,2,2,2,2,2,2,2,2,2,2,2,2,2,2,2,2,2,2,0,280,2
736,2,2,2,2,2,2,2,2,2,2,2,2,2,2,2,2,2,2,0,280,3
737,2,2,2,2,2,2,2,2,2,2,2,2,2,2,2,2,2,2,0,280,5
738,2,2,2,2,2,2,2,2,2,2,2,2,2,2,2,2,2,2,0,280,4
739,6,10,6,8,4,2,4,8,2,4,4,4,2,8,8,10,8,6,1,625,1
740,2,2,2,2,2,2,2,2,2,2,2,2,2,2,2,2,2,2,0,280,2
741,4,10,2,8,2,8,2,4,6,6,2,10,10,10,4,2,6,2,1,595,1
742,4,2,4,10,4,2,2,8,10,8,8,4,8,2,8,4,6,2,2,590,4
743,4,6,6,8,10,8,10,2,6,6,10,8,10,6,8,8,8,10,1,775,5
744,2,2,2,2,2,2,2,2,2,2,2,2,2,2,2,2,2,2,0,280,4
745,2,2,2,2,2,2,2,2,2,2,2,2,2,2,2,2,2,2,0,280,1
746,2,2,2,2,2,2,2,2,2,2,2,2,2,2,2,2,2,2,0,280,1
747,2,2,2,2,2,2,2,2,2,2,2,2,2,2,2,2,2,2,0,280,4
748,8,2,2,2,2,4,8,8,10,2,2,2,2,10,6,2,2,10,1,525,5
749,2,2,2,2,2,2,2,2,2,2,2,2,2,2,2,2,2,2,0,280,3
750,6,2,8,8,10,10,2,4,6,8,8,6,4,2,6,10,8,2,2,660,4
751,4,8,4,6,4,10,4,2,2,2,2,2,2,8,2,4,10,10,1,535,1
752,2,2,2,2,2,2,2,2,2,2,2,2,2,2,2,2,2,2,0,280,4
753,2,2,2,2,2,2,2,2,2,2,2,2,2,2,2,2,2,2,0,280,5
754,2,2,2,2,2,2,2,2,2,2,2,2,2,2,2,2,2,2,0,280,5
755,2,8,10,4,2,8,8,8,10,10,4,4,10,10,4,2,8,10,1,715,4
756,2,2,2,2,2,2,2,2,2,2,2,2,2,2,2,2,2,2,0,280,2
757,4,4,10,2,2,8,6,4,8,4,2,4,6,2,2,4,6,10,2,550,4
758,8,8,4,4,10,4,10,4,8,4,2,2,6,2,8,4,6,2,2,590,1
759,2,2,2,2,2,2,2,2,2,2,2,2,2,2,2,2,2,2,0,280,1
760,2,2,2,2,2,2,2,2,2,2,2,2,2,2,2,2,2,2,0,280,1
761,2,2,2,2,2,2,2,2,2,2,2,2,2,2,2,2,2,2,0,280,3
762,2,2,2,2,2,2,2,2,2,2,2,2,2,2,2,2,2,2,0,280,3
763,2,2,2,2,2,2,2,2,2,2,2,2,2,2,2,2,2,2,0,280,2
764,2,2,2,4,8,8,6,8,4,6,6,10,8,10,8,2,4,8,1,635,3
765,10,8,10,8,10,10,2,6,4,8,2,10,10,10,6,4,2,8,1,745,3
766,4,2,10,6,2,6,10,2,4,6,2,6,8,2,6,8,6,8,2,600,4
767,10,4,6,8,10,8,10,8,4,6,8,6,4,4,2,10,4,4,2,690,2
768,2,2,2,2,2,2,2,2,2,2,2,2,2,2,2,2,2,2,0,280,3
769,2,2,2,2,2,2,2,2,2,2,2,2,2,2,2,2,2,2,0,280,2
770,8,8,8,2,4,8,10,8,8,10,6,10,4,6,4,8,4,10,1,735,1
771,6,8,8,6,8,2,2,2,2,8,2,10,8,6,4,6,4,10,1,615,1
772,10,2,4,6,4,6,6,10,4,10,6,10,8,6,2,6,2,6,1,645,3
773,2,2,2,2,2,2,2,2,2,2,2,2,2,2,2,2,2,2,0,280,4
774,4,8,6,4,2,6,4,8,8,8,8,2,8,2,4,4,4,8,2,600,3
775,6,4,2,2,4,6,8,10,10,2,8,10,10,6,2,10,6,8,1,675,2
776,4,10,2,10,4,10,10,2,10,4,8,2,2,2,10,8,2,2,2,620,1
777,2,2,2,2,2,2,2,2,2,2,2,2,2,2,2,2,2,2,0,280,3
778,4,2,8,10,6,2,6,6,8,2,4,6,4,8,8,4,10,2,2,610,1
779,4,2,2,6,8,4,8,4,8,8,8,2,10,6,2,4,8,10,1,625,2
780,2,2,2,2,2,2,2,2,2,2,2,2,2,2,2,2,2,2,0,280,2
781,2,2,2,2,2,2,2,2,2,2,2,2,2,2,2,2,2,2,0,280,2
782,2,2,2,2,2,2,2,2,2,2,2,2,2,2,2,2,2,2,0,280,3
783,4,4,6,10,2,2,8,8,10,6,10,4,4,2,6,10,6,10,2,670,2
784,2,2,2,2,2,2,2,2,2,2,2,2,2,2,2,2,2,2,0,280,4
785,4,6,10,8,4,6,10,8,6,10,10,8,2,4,6,6,8,4,2,710,2
786,2,2,2,2,2,2,2,2,2,2,2,2,2,2,2,2,2,2,0,280,2
787,2,2,2,2,2,2,2,2,2,2,2,2,2,2,2,2,2,2,0,280,2
788,2,2,2,2,2,2,2,2,2,2,2,2,2,2,2,2,2,2,0,280,5
789,4,6,8,6,6,2,2,2,4,6,4,10,6,10,6,8,10,6,1,635,4
790,6,2,10,10,4,2,4,4,8,10,8,2,10,2,10,4,10,8,2,680,1
791,2,2,2,2,2,2,2,2,2,2,2,2,2,2,2,2,2,2,0,280,1
792,2,2,2,2,2,2,2,2,2,2,2,2,2,2,2,2,2,2,0,280,5
793,2,2,2,2,2,2,2,2,2,2,2,2,2,2,2,2,2,2,0,280,1
794,2,2,2,2,2,2,2,2,2,2,2,2,2,2,2,2,2,2,0,280,4
795,2,2,2,2,2,2,2,2,2,2,2,2,2,2,2,2,2,2,0,280,5
796,2,2,2,2,2,2,2,2,2,2,2,2,2,2,2,2,2,2,0,280,3
797,6,6,8,4,2,8,6,4,8,6,8,10,2,10,10,4,8,8,1,695,3
798,8,8,4,6,6,8,4,10,2,6,8,2,6,10,8,2,8,8,1,675,4
799,8,6,2,4,2,8,2,2,10,8,6,6,10,2,6,2,8,2,2,580,3
800,4,10,10,2,4,6,6,2,4,4,2,2,6,10,10,2,2,2,1,545,2
801,2,2,2,2,2,2,2,2,2,2,2,2,2,2,2,2,2,2,0,280,1
802,2,2,10,6,2,4,4,10,4,2,2,2,4,4,4,4,6,6,2,500,4
803,6,4,10,10,10,10,4,6,4,6,10,4,6,4,2,10,8,10,2,730,1
804,2,2,10,4,4,6,2,10,10,8,2,6,2,6,8,6,4,4,2,590,4
805,10,2,6,4,8,8,6,6,2,2,8,8,6,6,10,6,4,2,2,630,3
806,2,2,2,2,2,2,2,2,2,2,2,2,2,2,2,2,2,2,0,280,3
807,2,2,8,2,10,8,6,8,4,10,4,2,2,4,6,2,4,6,2,560,5
808,2,2,2,2,2,2,2,2,2,2,2,2,2,2,2,2,2,2,0,280,2
809,2,2,2,2,2,2,2,2,2,2,2,2,2,2,2,2,2,2,0,280,2
810,10,10,10,10,6,8,2,2,8,2,2,10,4,8,8,6,2,10,1,695,5
811,2,2,2,2,2,2,2,2,2,2,2,2,2,2,2,2,2,2,0,280,2
812,10,2,6,8,8,8,2,6,10,10,6,4,6,4,10,8,10,6,2,730,3
813,8,8,4,4,6,6,8,6,4,10,4,10,4,8,4,4,8,6,1,665,3
814,2,2,2,2,2,2,2,2,2,2,2,2,2,2,2,2,2,2,0,280,2
815,2,2,2,2,2,2,2,2,2,2,2,2,2,2,2,2,2,2,0,280,2
816,2,2,2,2,2,2,2,2,2,2,2,2,2,2,2,2,2,2,0,280,1
817,2,2,2,2,2,2,2,2,2,2,2,2,2,2,2,2,2,2,0,280,1
818,2,2,2,2,2,2,2,2,2,2,2,2,2,2,2,2,2,2,0,280,2
819,2,2,2,2,2,2,2,2,2,2,2,2,2,2,2,2,2,2,0,280,1
820,6,10,6,10,4,8,8,8,2,6,8,8,8,2,10,4,4,2,2,680,2
821,2,2,2,2,2,2,2,2,2,2,2,2,2,2,2,2,2,2,0,280,2
822,2,2,2,2,2,2,2,2,2,2,2,2,2,2,2,2,2,2,0,280,3
823,2,2,2,2,2,2,2,2,2,2,2,2,2,2,2,2,2,2,0,280,1
824,2,2,2,2,2,2,2,2,2,2,2,2,2,2,2,2,2,2,0,280,2
825,2,2,2,2,2,2,2,2,2,2,2,2,2,2,2,2,2,2,0,280,2
826,10,6,10,8,10,8,8,2,8,2,6,10,2,10,8,10,6,4,2,750,5
827,2,2,2,2,2,2,2,2,2,2,2,2,2,2,2,2,2,2,0,280,3
828,2,2,2,2,2,2,2,2,2,2,2,2,2,2,2,2,2,2,0,280,2
829,10,4,2,8,4,6,2,8,4,10,8,8,2,8,4,10,6,10,1,675,4
830,6,10,6,4,6,8,2,8,4,6,6,4,2,10,10,8,8,4,1,665,3
831,6,6,8,10,2,4,8,2,10,2,2,10,2,2,8,6,8,8,2,630,3
832,2,2,2,2,2,2,2,2,2,2,2,2,2,2,2,2,2,2,0,280,3
833,2,2,2,2,2,2,2,2,2,2,2,2,2,2,2,2,2,2,0,280,4
834,10,6,4,6,6,6,2,6,6,6,2,2,2,8,10,4,8,6,1,605,1
835,2,2,2,2,2,2,2,2,2,2,2,2,2,2,2,2,2,2,0,280,3
836,2,2,2,2,2,2,2,2,2,2,2,2,2,2,2,2,2,2,0,280,5
837,10,4,6,2,2,10,2,4,8,8,8,6,6,6,2,4,8,10,1,635,3
838,8,8,10,10,8,8,4,10,10,10,10,10,2,8,2,4,10,10,2,820,1
839,2,8,10,2,6,10,8,2,4,4,2,6,4,10,6,2,2,6,1,575,1
840,2,2,2,2,2,2,2,2,2,2,2,2,2,2,2,2,2,2,0,280,4
841,4,4,8,8,8,6,10,2,6,8,4,2,10,2,2,4,6,10,2,630,1
842,10,2,10,4,4,8,2,8,8,4,10,6,6,10,10,4,10,4,2,710,5
843,10,4,8,8,2,6,6,8,6,2,8,10,6,8,8,6,10,6,1,715,2
844,10,8,4,2,10,10,6,4,4,10,4,8,8,2,6,4,2,10,1,665,3
845,10,4,6,6,6,2,4,10,10,8,8,10,10,2,2,4,2,2,2,640,4
846,2,6,4,8,6,10,2,6,10,8,2,4,2,8,4,2,10,4,2,600,5
847,2,2,2,2,2,2,2,2,2,2,2,2,2,2,2,2,2,2,0,280,4
848,2,2,2,2,2,2,2,2,2,2,2,2,2,2,2,2,2,2,0,280,1
849,2,2,2,2,2,2,2,2,2,2,2,2,2,2,2,2,2,2,0,280,4
850,10,10,2,4,2,2,4,8,4,10,8,4,2,6,8,6,6,10,1,635,5
851,2,2,2,2,2,2,2,2,2,2,2,2,2,2,2,2,2,2,0,280,3
852,4,6,10,2,2,10,8,8,10,8,2,4,8,6,2,8,8,2,2,650,3
853,2,2,2,4,6,2,10,4,4,4,8,8,8,2,6,4,6,4,2,540,1
854,2,2,2,2,2,2,2,2,2,2,2,2,2,2,2,2,2,2,0,280,5
855,2,2,2,2,2,2,2,2,2,2,2,2,2,2,2,2,2,2,0,280,1
856,2,2,2,2,2,2,2,2,2,2,2,2,2,2,2,2,2,2,0,280,3
857,10,4,10,4,6,10,2,8,6,10,6,2,4,10,10,8,4,10,1,725,2
858,10,10,10,4,4,10,2,2,4,8,2,4,8,4,8,10,8,8,1,685,5
859,2,2,2,2,2,2,2,2,2,2,2,2,2,2,2,2,2,2,0,280,5
860,2,2,2,2,2,2,2,2,2,2,2,2,2,2,2,2,2,2,0,280,2
861,6,6,4,2,10,6,2,2,10,10,4,6,6,8,8,2,2,8,1,615,1
862,2,2,2,2,2,2,2,2,2,2,2,2,2,2,2,2,2,2,0,280,5
863,4,10,6,4,4,10,8,2,10,10,6,10,8,6,2,6,2,8,1,685,5
864,2,2,2,2,2,2,2,2,2,2,2,2,2,2,2,2,2,2,0,280,5
865,2,2,2,2,2,2,2,2,2,2,2,2,2,2,2,2,2,2,0,280,4
866,2,2,2,2,2,2,2,2,2,2,2,2,2,2,2,2,2,2,0,280,5
867,10,6,8,4,8,4,6,4,6,2,6,4,10,4,8,4,8,4,2,640,4
868,2,2,2,2,2,2,2,2,2,2,2,2,2,2,2,2,2,2,0,280,4
869,8,2,10,4,4,8,8,6,10,8,4,2,4,2,2,6,6,6,2,610,2
870,2,2,2,2,2,2,2,2,2,2,2,2,2,2,2,2,2,2,0,280,5
871,2,2,2,2,2,2,2,2,2,2,2,2,2,2,2,2,2,2,0,280,1
872,2,2,2,2,2,2,2,2,2,2,2,2,2,2,2,2,2,2,0,280,1
873,4,10,6,4,10,4,2,10,8,4,8,4,2,2,4,4,6,8,2,610,5
874,6,8,10,2,10,6,2,4,10,6,8,6,2,2,4,10,8,8,2,670,4
875,2,2,2,2,2,2,2,2,2,2,2,2,2,2,2,2,2,2,0,280,4
876,8,8,2,4,6,2,6,4,8,2,6,8,8,4,4,10,10,10,1,655,5
877,2,8,2,6,10,2,6,4,2,2,2,10,10,6,10,10,6,2,1,605,5
878,2,2,2,2,2,2,2,2,2,2,2,2,2,2,2,2,2,2,0,280,5
879,2,4,8,2,6,6,6,4,4,2,2,10,8,8,8,4,4,10,1,595,3
880,8,6,10,8,6,10,4,4,6,6,4,4,6,6,8,8,6,6,2,690,5
881,10,4,10,6,6,6,4,4,4,6,8,6,10,8,8,2,4,6,1,665,3
882,4,6,6,10,8,10,8,10,4,6,8,6,10,4,6,4,2,4,2,690,5
883,2,2,2,2,2,2,2,2,2,2,2,2,2,2,2,2,2,2,0,280,4
884,2,2,2,2,2,2,2,2,2,2,2,2,2,2,2,2,2,2,0,280,5
885,2,2,2,2,2,2,2,2,2,2,2,2,2,2,2,2,2,2,0,280,5
886,2,2,2,2,2,2,2,2,2,2,2,2,2,2,2,2,2,2,0,280,1
887,10,10,10,10,10,2,10,2,10,4,2,4,4,8,4,2,10,4,2,690,5
888,8,4,2,2,2,6,10,2,4,2,4,8,4,10,4,2,8,10,1,565,2
889,6,6,8,10,6,8,2,2,4,10,6,2,4,6,4,2,2,10,1,595,2
890,2,2,2,2,2,2,2,2,2,2,2,2,2,2,2,2,2,2,0,280,4
891,10,8,6,8,2,8,10,2,8,2,6,6,8,2,2,10,6,10,2,680,2
892,2,2,2,2,2,2,2,2,2,2,2,2,2,2,2,2,2,2,0,280,1
893,2,2,2,2,2,2,2,2,2,2,2,2,2,2,2,2,2,2,0,280,5
894,2,2,2,2,2,2,2,2,2,2,2,2,2,2,2,2,2,2,0,280,4
895,10,6,8,6,10,10,8,6,6,4,10,6,2,2,6,10,10,6,2,740,2
896,8,2,6,10,6,8,4,4,10,8,6,8,10,2,2,6,4,6,2,660,1
897,2,2,2,2,2,2,2,2,2,2,2,2,2,2,2,2,2,2,0,280,5
898,2,2,2,2,2,2,2,2,2,2,2,2,2,2,2,2,2,2,0,280,2
899,2,2,2,2,2,2,2,2,2,2,2,2,2,2,2,2,2,2,0,280,3
900,2,2,2,2,2,2,2,2,2,2,2,2,2,2,2,2,2,2,0,280,4
901,2,2,2,2,2,2,2,2,2,2,2,2,2,2,2,2,2,2,0,280,4
902,2,2,2,2,2,2,2,2,2,2,2,2,2,2,2,2,2,2,0,280,1
903,2,2,2,2,2,2,2,2,2,2,2,2,2,2,2,2,2,2,0,280,4
904,2,2,2,2,2,2,2,2,2,2,2,2,2,2,2,2,2,2,0,280,5
905,10,8,10,6,10,6,6,10,2,4,4,2,2,2,4,10,6,10,2,670,2
906,2,2,2,2,2,2,2,2,2,2,2,2,2,2,2,2,2,2,0,280,2
907,2,2,2,2,2,2,2,2,2,2,2,2,2,2,2,2,2,2,0,280,1
908,2,2,2,2,2,2,2,2,2,2,2,2,2,2,2,2,2,2,0,280,4
909,2,2,2,2,4,8,6,2,4,2,4,8,8,4,10,2,10,6,1,535,3
910,8,6,6,4,6,4,4,2,4,10,4,4,4,6,4,6,4,4,1,555,4
911,2,2,2,2,2,2,2,2,2,2,2,2,2,2,2,2,2,2,0,280,4
912,2,2,2,2,2,2,2,2,2,2,2,2,2,2,2,2,2,2,0,280,5
913,2,2,2,2,2,2,2,2,2,2,2,2,2,2,2,2,2,2,0,280,2
914,2,2,2,2,2,2,2,2,2,2,2,2,2,2,2,2,2,2,0,280,1
915,2,2,2,2,2,2,2,2,2,2,2,2,2,2,2,2,2,2,0,280,2
916,2,2,2,2,2,2,2,2,2,2,2,2,2,2,2,2,2,2,0,280,1
917,2,2,2,2,2,2,2,2,2,2,2,2,2,2,2,2,2,2,0,280,3
918,2,2,2,2,2,2,2,2,2,2,2,2,2,2,2,2,2,2,0,280,1
919,2,2,2,2,2,2,2,2,2,2,2,2,2,2,2,2,2,2,0,280,2
920,2,2,2,2,2,2,2,2,2,2,2,2,2,2,2,2,2,2,0,280,1
921,2,2,2,2,2,2,2,2,2,2,2,2,2,2,2,2,2,2,0,280,5
922,2,2,2,2,2,2,2,2,2,2,2,2,2,2,2,2,2,2,0,280,2
923,2,2,2,2,2,2,2,2,2,2,2,2,2,2,2,2,2,2,0,280,2
924,8,4,2,6,8,2,8,8,8,4,2,6,6,4,10,6,2,4,2,600,5
925,2,10,10,6,4,10,8,8,8,10,10,6,6,6,6,4,6,4,2,730,3
926,2,2,2,2,2,2,2,2,2,2,2,2,2,2,2,2,2,2,0,280,3
927,6,8,4,10,10,6,10,4,8,10,6,6,4,6,2,6,10,4,2,710,5
928,2,2,2,2,2,2,2,2,2,2,2,2,2,2,2,2,2,2,0,280,1
929,2,2,2,2,2,2,2,2,2,2,2,2,2,2,2,2,2,2,0,280,3
930,2,2,2,2,2,2,2,2,2,2,2,2,2,2,2,2,2,2,0,280,3
931,2,2,2,2,2,2,2,2,2,2,2,2,2,2,2,2,2,2,0,280,3
932,6,4,8,8,8,6,2,2,10,2,2,4,4,6,6,6,4,6,2,580,1
933,2,2,2,2,2,2,2,2,2,2,2,2,2,2,2,2,2,2,0,280,2
934,2,2,2,2,2,2,2,2,2,2,2,2,2,2,2,2,2,2,0,280,1
935,2,2,2,2,2,2,2,2,2,2,2,2,2,2,2,2,2,2,0,280,1
936,2,2,10,6,4,4,10,8,10,2,4,8,6,6,8,10,6,10,2,690,4
937,10,2,4,2,8,6,8,4,6,2,6,6,8,8,8,10,8,6,1,665,5
938,2,2,2,2,2,2,2,2,2,2,2,2,2,2,2,2,2,2,0,280,1
939,2,2,2,2,2,2,2,2,2,2,2,2,2,2,2,2,2,2,0,280,5
940,10,10,4,6,4,4,2,4,4,4,10,4,2,10,6,4,2,2,1,565,5
941,2,2,2,2,2,2,2,2,2,2,2,2,2,2,2,2,2,2,0,280,4
942,2,2,2,2,2,2,2,2,2,2,2,2,2,2,2,2,2,2,0,280,3
943,8,2,10,2,6,10,2,2,2,4,8,6,2,4,10,2,4,4,2,550,3
944,2,2,10,6,6,6,8,4,4,10,8,8,10,4,6,2,4,2,2,620,1
945,2,2,2,2,2,2,2,2,2,2,2,2,2,2,2,2,2,2,0,280,5
946,2,2,2,2,2,2,2,2,2,2,2,2,2,2,2,2,2,2,0,280,4
947,2,2,2,2,2,2,2,2,2,2,2,2,2,2,2,2,2,2,0,280,5
948,2,2,2,2,2,2,2,2,2,2,2,2,2,2,2,2,2,2,0,280,4
949,2,2,2,2,2,2,2,2,2,2,2,2,2,2,2,2,2,2,0,280,5
950,2,2,2,2,2,2,2,2,2,2,2,2,2,2,2,2,2,2,0,280,2
951,2,2,2,2,2,2,2,2,2,2,2,2,2,2,2,2,2,2,0,280,5
952,2,2,2,2,2,2,2,2,2,2,2,2,2,2,2,2,2,2,0,280,4
953,4,10,6,4,10,10,4,6,2,10,2,10,2,2,10,6,6,4,2,650,4
954,2,2,2,2,2,2,2,2,2,2,2,2,2,2,2,2,2,2,0,280,5
955,2,2,2,2,2,2,2,2,2,2,2,2,2,2,2,2,2,2,0,280,2
956,2,2,2,2,2,2,2,2,2,2,2,2,2,2,2,2,2,2,0,280,3
957,2,2,2,2,2,2,2,2,2,2,2,2,2,2,2,2,2,2,0,280,1
958,2,2,2,2,2,2,2,2,2,2,2,2,2,2,2,2,2,2,0,280,5
959,2,2,2,2,2,2,2,2,2,2,2,2,2,2,2,2,2,2,0,280,5
960,2,10,8,4,10,8,4,10,6,10,8,8,6,8,2,6,8,8,1,735,5
961,8,8,6,4,8,2,4,10,2,8,8,8,2,6,6,2,6,6,1,625,3
962,2,2,2,2,2,2,2,2,2,2,2,2,2,2,2,2,2,2,0,280,5
963,2,2,2,2,2,2,2,2,2,2,2,2,2,2,2,2,2,2,0,280,1
964,6,8,8,6,8,6,6,8,10,10,6,10,10,10,4,2,8,10,1,785,2
965,2,2,2,2,2,2,2,2,2,2,2,2,2,2,2,2,2,2,0,280,1
966,2,2,2,2,2,2,2,2,2,2,2,2,2,2,2,2,2,2,0,280,4
967,6,2,4,2,2,8,4,8,2,6,6,2,8,6,4,10,6,4,1,555,2
968,8,4,6,2,6,6,4,6,4,6,8,2,10,4,6,4,2,10,1,595,2
969,2,2,2,2,2,2,2,2,2,2,2,2,2,2,2,2,2,2,0,280,2
970,2,2,2,2,2,2,2,2,2,2,2,2,2,2,2,2,2,2,0,280,5
971,4,2,2,4,8,6,4,6,2,8,2,2,10,6,2,6,4,4,1,515,4
972,10,8,4,8,8,10,8,2,10,10,6,8,8,8,6,10,4,10,1,795,3
973,2,2,2,2,2,2,2,2,2,2,2,2,2,2,2,2,2,2,0,280,4
974,10,4,4,4,8,10,8,2,6,10,4,6,10,6,4,10,8,6,1,705,2
975,2,2,2,2,2,2,2,2,2,2,2,2,2,2,2,2,2,2,0,280,4
976,4,6,2,4,4,8,4,2,4,4,6,10,6,10,2,2,4,2,1,525,4
977,2,2,2,2,2,2,2,2,2,2,2,2,2,2,2,2,2,2,0,280,5
978,2,4,10,6,2,6,6,4,10,4,2,4,4,10,8,4,10,10,1,635,4
979,2,6,4,10,8,2,2,6,8,4,6,10,6,2,2,10,6,2,2,590,3
980,2,2,2,2,2,2,2,2,2,2,2,2,2,2,2,2,2,2,0,280,5
981,2,2,2,2,2,2,2,2,2,2,2,2,2,2,2,2,2,2,0,280,2
982,2,2,2,2,2,2,2,2,2,2,2,2,2,2,2,2,2,2,0,280,2
983,4,4,6,6,2,6,4,8,6,6,10,6,6,10,2,8,8,4,1,635,1
984,10,8,4,10,6,8,8,8,2,2,8,6,2,10,2,10,6,6,1,685,2
985,2,2,2,2,2,2,2,2,2,2,2,2,2,2,2,2,2,2,0,280,2
986,2,2,2,2,2,2,2,2,2,2,2,2,2,2,2,2,2,2,0,280,3
987,10,6,8,8,6,8,8,4,4,8,10,2,8,6,8,10,4,2,2,710,3
988,2,2,2,2,2,2,2,2,2,2,2,2,2,2,2,2,2,2,0,280,2
989,2,2,2,2,2,2,2,2,2,2,2,2,2,2,2,2,2,2,0,280,1
990,4,2,6,6,6,10,10,2,10,6,4,4,4,4,4,10,8,8,2,650,2
991,6,10,2,8,10,2,6,6,2,8,4,2,2,2,4,2,10,8,1,575,5
992,2,2,2,2,2,2,2,2,2,2,2,2,2,2,2,2,2,2,0,280,2
993,2,2,2,2,2,2,2,2,2,2,2,2,2,2,2,2,2,2,0,280,1
994,2,2,2,2,2,2,2,2,2,2,2,2,2,2,2,2,2,2,0,280,4
995,4,2,4,6,6,4,2,2,8,2,8,10,4,2,4,8,4,8,2,550,3
996,2,2,2,2,2,2,2,2,2,2,2,2,2,2,2,2,2,2,0,280,2
997,6,10,10,4,2,8,4,6,8,4,8,4,10,6,4,6,4,10,1,675,1
998,4,2,4,6,8,2,2,4,4,8,10,6,2,8,8,4,10,6,1,595,2
999,2,2,2,2,2,2,2,2,2,2,2,2,2,2,2,2,2,2,0,280,3
1000,2,10,8,6,6,8,10,2,10,8,8,8,6,4,4,6,10,4,2,710,3
1001,2,2,2,2,2,2,2,2,2,2,2,2,2,2,2,2,2,2,0,280,3
1002,6,6,8,10,8,10,2,6,10,2,2,2,10,8,4,4,4,6,2,650,3
1003,8,2,2,8,2,8,2,6,2,4,10,6,4,6,10,4,6,6,1,585,2
1004,2,2,2,2,2,2,2,2,2,2,2,2,2,2,2,2,2,2,0,280,4
1005,2,2,2,2,2,2,2,2,2,2,2,2,2,2,2,2,2,2,0,280,5
1006,2,2,2,2,2,2,2,2,2,2,2,2,2,2,2,2,2,2,0,280,2
1007,4,2,4,2,10,8,6,2,2,10,4,2,8,10,6,10,2,4,1,585,1
1008,2,2,2,2,2,2,2,2,2,2,2,2,2,2,2,2,2,2,0,280,1
1009,2,2,2,2,2,2,2,2,2,2,2,2,2,2,2,2,2,2,0,280,4
1010,2,2,2,2,2,2,2,2,2,2,2,2,2,2,2,2,2,2,0,280,1
1011,8,10,2,6,10,10,8,6,10,2,4,6,6,8,10,4,6,8,1,725,2
1012,4,2,4,4,8,6,6,4,2,4,2,8,2,8,8,8,4,10,1,575,4
1013,2,2,2,2,2,2,2,2,2,2,2,2,2,2,2,2,2,2,0,280,2
1014,2,2,2,2,2,2,2,2,2,2,2,2,2,2,2,2,2,2,0,280,5
1015,2,2,2,2,2,2,2,2,2,2,2,2,2,2,2,2,2,2,0,280,1
1016,4,8,2,2,8,10,2,4,4,10,8,2,8,4,2,10,6,6,1,605,5
1017,10,2,2,8,2,10,6,10,8,8,4,4,8,2,2,4,6,2,2,600,4
1018,2,2,2,2,2,2,2,2,2,2,2,2,2,2,2,2,2,2,0,280,3
1019,2,2,2,2,2,2,2,2,2,2,2,2,2,2,2,2,2,2,0,280,5
1020,6,10,4,6,6,6,6,2,2,8,2,2,4,2,10,2,6,6,1,555,3
1021,2,2,2,2,2,2,2,2,2,2,2,2,2,2,2,2,2,2,0,280,5
1022,2,2,2,2,2,2,2,2,2,2,2,2,2,2,2,2,2,2,0,280,5
1023,10,10,2,8,6,2,2,10,10,10,2,2,4,8,10,4,6,10,1,685,1
1024,6,8,8,4,2,10,10,4,6,10,10,10,10,10,6,10,10,2,1,785,2
1025,2,2,2,2,2,2,2,2,2,2,2,2,2,2,2,2,2,2,0,280,3
1026,2,2,2,2,2,2,2,2,2,2,2,2,2,2,2,2,2,2,0,280,3
1027,2,4,10,8,2,10,8,6,4,4,6,10,8,10,8,4,2,10,1,685,2
1028,2,2,2,2,2,2,2,2,2,2,2,2,2,2,2,2,2,2,0,280,3
1029,2,2,2,2,2,2,2,2,2,2,2,2,2,2,2,2,2,2,0,280,4
1030,2,2,2,2,2,2,2,2,2,2,2,2,2,2,2,2,2,2,0,280,4
1031,2,2,2,2,2,2,2,2,2,2,2,2,2,2,2,2,2,2,0,280,1
1032,8,2,2,8,6,2,6,6,10,8,2,6,2,8,10,10,8,4,2,650,2
1033,2,2,2,2,2,2,2,2,2,2,2,2,2,2,2,2,2,2,0,280,3
1034,2,2,2,2,2,2,2,2,2,2,2,2,2,2,2,2,2,2,0,280,3
1035,10,6,8,6,6,4,2,6,6,2,4,4,8,4,4,10,10,4,2,630,1
1036,4,8,8,2,8,10,4,2,4,10,6,2,10,8,6,8,6,8,1,675,1
1037,2,2,2,2,2,2,2,2,2,2,2,2,2,2,2,2,2,2,0,280,4
1038,2,2,2,2,2,2,2,2,2,2,2,2,2,2,2,2,2,2,0,280,4
1039,2,2,2,2,2,2,2,2,2,2,2,2,2,2,2,2,2,2,0,280,3
1040,2,2,2,2,2,2,2,2,2,2,2,2,2,2,2,2,2,2,0,280,3
1041,2,2,2,2,2,2,2,2,2,2,2,2,2,2,2,2,2,2,0,280,2
1042,2,2,2,2,2,2,2,2,2,2,2,2,2,2,2,2,2,2,0,280,5
1043,2,2,2,2,2,2,2,2,2,2,2,2,2,2,2,2,2,2,0,280,4
1044,8,8,6,4,6,4,2,2,8,8,4,8,6,10,8,4,4,6,1,635,4
1045,2,2,2,2,2,2,2,2,2,2,2,2,2,2,2,2,2,2,0,280,4
1046,2,2,2,2,2,2,2,2,2,2,2,2,2,2,2,2,2,2,0,280,3
1047,2,2,2,2,2,2,2,2,2,2,2,2,2,2,2,2,2,2,0,280,2
1048,2,2,2,2,2,2,2,2,2,2,2,2,2,2,2,2,2,2,0,280,4
1049,2,2,2,2,2,2,2,2,2,2,2,2,2,2,2,2,2,2,0,280,4
1050,2,2,2,2,2,2,2,2,2,2,2,2,2,2,2,2,2,2,0,280,5
1051,2,2,2,2,2,2,2,2,2,2,2,2,2,2,2,2,2,2,0,280,2
1052,2,2,2,2,2,2,2,2,2,2,2,2,2,2,2,2,2,2,0,280,5
1053,8,2,2,8,4,10,4,6,4,2,2,10,6,4,10,6,6,8,1,615,4
1054,2,2,2,2,2,2,2,2,2,2,2,2,2,2,2,2,2,2,0,280,3
1055,2,2,2,2,2,2,2,2,2,2,2,2,2,2,2,2,2,2,0,280,2
1056,2,2,2,2,2,2,2,2,2,2,2,2,2,2,2,2,2,2,0,280,3
1057,8,4,8,10,8,10,10,2,6,10,2,6,6,2,8,4,6,4,2,680,5
1058,2,2,2,2,2,2,2,2,2,2,2,2,2,2,2,2,2,2,0,280,1
1059,4,4,6,8,10,6,10,4,8,2,4,2,6,4,8,8,6,4,2,630,2
1060,10,8,2,6,8,4,2,6,8,4,2,4,4,2,10,2,8,2,2,570,3
1061,2,2,2,2,2,2,2,2,2,2,2,2,2,2,2,2,2,2,0,280,3
1062,2,2,2,2,2,2,2,2,2,2,2,2,2,2,2,2,2,2,0,280,3
1063,10,4,4,4,4,10,10,6,10,10,2,2,8,2,6,4,10,4,2,660,5
1064,2,10,10,2,2,4,10,8,6,4,4,8,6,10,2,2,10,8,1,645,3
1065,2,4,8,8,4,2,4,6,10,10,6,4,6,8,8,2,6,6,2,630,5
1066,2,2,2,2,2,2,2,2,2,2,2,2,2,2,2,2,2,2,0,280,4
1067,2,2,2,2,2,2,2,2,2,2,2,2,2,2,2,2,2,2,0,280,3
1068,2,2,2,2,2,2,2,2,2,2,2,2,2,2,2,2,2,2,0,280,1
1069,2,2,2,2,2,2,2,2,2,2,2,2,2,2,2,2,2,2,0,280,4
1070,4,8,8,4,8,2,10,6,6,4,6,6,2,8,6,2,8,6,1,625,1
1071,2,2,2,2,2,2,2,2,2,2,2,2,2,2,2,2,2,2,0,280,4
1072,2,2,2,2,2,2,2,2,2,2,2,2,2,2,2,2,2,2,0,280,1
1073,2,4,2,6,2,4,8,2,4,10,10,10,10,8,4,8,10,8,1,665,2
1074,4,2,2,10,10,10,8,2,6,2,8,8,2,6,8,8,2,8,2,640,5
1075,2,2,2,2,2,2,2,2,2,2,2,2,2,2,2,2,2,2,0,280,5
1076,2,2,2,2,2,2,2,2,2,2,2,2,2,2,2,2,2,2,0,280,2
1077,2,2,2,2,2,2,2,2,2,2,2,2,2,2,2,2,2,2,0,280,5
1078,2,2,4,6,2,2,2,10,8,10,10,2,2,6,8,6,8,4,2,580,1
1079,2,2,2,2,2,2,2,2,2,2,2,2,2,2,2,2,2,2,0,280,5
1080,2,2,2,2,2,2,2,2,2,2,2,2,2,2,2,2,2,2,0,280,4
1081,2,6,10,8,2,8,2,4,10,8,4,4,10,6,6,2,10,2,2,630,3
1082,2,2,2,2,2,2,2,2,2,2,2,2,2,2,2,2,2,2,0,280,1
1083,10,6,2,2,2,2,8,10,10,10,10,8,2,10,8,10,6,2,2,700,4
1084,8,4,4,10,8,6,10,4,8,6,10,2,6,8,4,6,2,10,1,685,4
1085,2,2,2,2,2,2,2,2,2,2,2,2,2,2,2,2,2,2,0,280,2
1086,2,2,2,2,2,2,2,2,2,2,2,2,2,2,2,2,2,2,0,280,1
1087,4,2,8,6,8,10,10,4,2,4,2,10,8,4,10,8,4,10,1,675,2
1088,2,2,2,2,2,2,2,2,2,2,2,2,2,2,2,2,2,2,0,280,5
1089,2,2,4,4,10,10,8,8,8,4,10,4,10,10,6,6,10,10,1,735,1
1090,2,2,2,2,2,2,2,2,2,2,2,2,2,2,2,2,2,2,0,280,5
1091,10,2,10,8,6,2,10,8,6,4,4,4,6,8,2,10,2,2,2,630,1
1092,2,10,2,6,2,6,6,6,8,4,8,2,4,4,10,2,4,10,1,585,3
1093,2,2,2,2,2,2,2,2,2,2,2,2,2,2,2,2,2,2,0,280,1
1094,2,2,2,2,2,2,2,2,2,2,2,2,2,2,2,2,2,2,0,280,5
1095,2,2,2,2,2,2,2,2,2,2,2,2,2,2,2,2,2,2,0,280,2
1096,4,4,2,2,4,6,10,4,2,6,8,10,8,6,2,4,6,2,1,555,1
1097,2,6,10,10,2,2,4,10,6,6,10,10,10,2,10,2,2,2,2,640,4
1098,4,6,4,2,8,4,2,10,8,6,4,10,8,10,8,10,4,2,1,655,2
1099,2,2,2,2,2,2,2,2,2,2,2,2,2,2,2,2,2,2,0,280,3
1100,8,6,6,8,2,4,4,4,4,4,8,8,6,4,6,4,6,10,1,615,2
1101,2,2,2,2,2,2,2,2,2,2,2,2,2,2,2,2,2,2,0,280,2
1102,4,10,10,4,8,8,10,2,8,2,6,4,2,10,2,6,10,8,1,675,1
1103,2,2,2,2,2,2,2,2,2,2,2,2,2,2,2,2,2,2,0,280,3
1104,2,2,2,2,2,2,2,2,2,2,2,2,2,2,2,2,2,2,0,280,4
1105,2,2,2,2,2,2,2,2,2,2,2,2,2,2,2,2,2,2,0,280,5
1106,2,10,8,4,2,10,10,10,10,2,10,4,6,6,6,6,6,6,2,700,1
1107,2,2,2,2,2,2,2,2,2,2,2,2,2,2,2,2,2,2,0,280,3
1108,2,2,2,2,2,2,2,2,2,2,2,2,2,2,2,2,2,2,0,280,3
1109,2,2,2,2,2,2,2,2,2,2,2,2,2,2,2,2,2,2,0,280,3
1110,2,2,2,2,2,2,2,2,2,2,2,2,2,2,2,2,2,2,0,280,3
1111,2,2,2,2,2,2,2,2,2,2,2,2,2,2,2,2,2,2,0,280,5
1112,2,2,2,2,2,2,2,2,2,2,2,2,2,2,2,2,2,2,0,280,4
1113,2,2,2,2,2,2,2,2,2,2,2,2,2,2,2,2,2,2,0,280,3
1114,2,2,2,2,2,2,2,2,2,2,2,2,2,2,2,2,2,2,0,280,3
1115,2,2,2,2,2,2,2,2,2,2,2,2,2,2,2,2,2,2,0,280,4
1116,2,2,2,2,2,2,2,2,2,2,2,2,2,2,2,2,2,2,0,280,1
1117,6,8,10,4,8,4,10,4,10,4,4,8,8,10,10,10,4,10,1,765,5
1118,2,2,2,2,2,2,2,2,2,2,2,2,2,2,2,2,2,2,0,280,4
1119,2,2,2,2,2,2,2,2,2,2,2,2,2,2,2,2,2,2,0,280,4
1120,2,2,2,2,2,2,2,2,2,2,2,2,2,2,2,2,2,2,0,280,1
1121,6,10,10,4,8,4,8,8,8,10,8,4,4,2,10,6,8,4,2,720,4
1122,2,2,2,2,2,2,2,2,2,2,2,2,2,2,2,2,2,2,0,280,4
1123,2,2,2,2,2,2,2,2,2,2,2,2,2,2,2,2,2,2,0,280,2
1124,8,8,8,8,6,8,8,6,4,6,4,4,8,6,8,6,8,4,2,700,3
1125,2,2,2,2,2,2,2,2,2,2,2,2,2,2,2,2,2,2,0,280,4
1126,2,2,2,2,2,2,2,2,2,2,2,2,2,2,2,2,2,2,0,280,5
1127,2,2,2,2,2,2,2,2,2,2,2,2,2,2,2,2,2,2,0,280,2
1128,2,2,2,2,2,2,2,2,2,2,2,2,2,2,2,2,2,2,0,280,5
1129,10,6,4,4,4,10,2,10,10,8,4,6,2,6,4,4,8,2,2,630,3
1130,2,2,2,2,2,2,2,2,2,2,2,2,2,2,2,2,2,2,0,280,2
1131,10,4,2,4,6,8,8,8,8,6,2,2,4,8,6,10,2,6,2,630,4
1132,2,2,2,2,2,2,2,2,2,2,2,2,2,2,2,2,2,2,0,280,2
1133,2,2,2,2,2,2,2,2,2,2,2,2,2,2,2,2,2,2,0,280,5
1134,10,8,6,2,2,2,6,6,10,8,8,4,10,10,10,8,8,6,1,725,2
1135,8,2,6,4,8,2,8,2,8,2,2,6,6,2,2,4,10,8,2,560,5
1136,2,2,2,2,2,2,2,2,2,2,2,2,2,2,2,2,2,2,0,280,4
1137,2,2,2,2,2,2,2,2,2,2,2,2,2,2,2,2,2,2,0,280,4
1138,6,2,10,10,6,10,10,8,10,10,2,6,8,2,2,10,10,4,2,740,5
1139,2,2,2,2,2,2,2,2,2,2,2,2,2,2,2,2,2,2,0,280,4
1140,4,10,10,2,10,8,2,2,2,6,2,8,4,2,6,10,4,2,2,580,4
1141,6,10,4,2,10,6,2,6,4,8,2,10,6,4,2,4,10,8,1,625,4
1142,6,8,6,8,10,2,2,2,2,6,10,8,2,2,4,2,10,10,1,605,5
1143,10,6,2,10,8,8,2,4,6,10,2,8,10,4,10,4,6,6,1,685,5
1144,2,2,2,2,2,2,2,2,2,2,2,2,2,2,2,2,2,2,0,280,3
1145,2,2,2,2,2,2,2,2,2,2,2,2,2,2,2,2,2,2,0,280,3
1146,8,6,6,8,10,10,2,4,10,2,8,10,2,2,4,6,8,4,2,660,1
1147,2,2,2,2,2,2,2,2,2,2,2,2,2,2,2,2,2,2,0,280,2
1148,2,2,2,2,2,2,2,2,2,2,2,2,2,2,2,2,2,2,0,280,2
1149,2,2,2,2,2,2,2,2,2,2,2,2,2,2,2,2,2,2,0,280,1
1150,6,2,10,8,2,4,2,6,2,10,2,2,10,2,4,2,2,2,2,500,3
1151,10,2,8,2,10,6,4,6,4,2,6,2,6,6,8,4,6,6,2,600,3
1152,6,2,8,4,10,8,2,6,2,6,6,4,4,2,10,10,10,2,2,620,5
1153,2,2,2,2,2,2,2,2,2,2,2,2,2,2,2,2,2,2,0,280,2
1154,2,2,2,2,2,2,2,2,2,2,2,2,2,2,2,2,2,2,0,280,5
1155,2,2,2,2,2,2,2,2,2,2,2,2,2,2,2,2,2,2,0,280,1
1156,2,2,2,2,2,2,2,2,2,2,2,2,2,2,2,2,2,2,0,280,2
1157,2,2,2,2,2,2,2,2,2,2,2,2,2,2,2,2,2,2,0,280,4
1158,2,2,2,2,2,2,2,2,2,2,2,2,2,2,2,2,2,2,0,280,4
1159,2,2,2,2,2,2,2,2,2,2,2,2,2,2,2,2,2,2,0,280,5
1160,2,2,2,2,2,2,2,2,2,2,2,2,2,2,2,2,2,2,0,280,3
1161,2,2,2,2,2,2,2,2,2,2,2,2,2,2,2,2,2,2,0,280,1
1162,10,8,6,10,10,6,10,10,10,4,8,10,2,10,6,4,10,6,2,810,5
1163,6,2,10,10,8,2,8,8,2,8,10,8,2,8,10,10,8,4,2,730,4
1164,2,6,6,2,6,4,6,10,8,10,2,10,10,2,8,2,10,2,2,640,4
1165,10,8,4,8,4,6,10,2,8,10,6,2,2,6,2,10,6,6,2,660,4
1166,2,2,2,2,2,2,2,2,2,2,2,2,2,2,2,2,2,2,0,280,3
1167,4,8,6,10,6,6,2,8,6,8,8,6,4,8,6,10,8,2,2,690,3
1168,6,6,4,2,2,6,8,6,2,6,6,8,10,8,4,8,4,6,1,615,1
1169,2,2,2,2,2,2,2,2,2,2,2,2,2,2,2,2,2,2,0,280,1
1170,8,4,8,10,10,10,10,4,6,10,2,8,10,10,4,8,6,8,1,785,1
1171,2,2,2,2,2,2,2,2,2,2,2,2,2,2,2,2,2,2,0,280,1
1172,2,2,2,2,2,2,2,2,2,2,2,2,2,2,2,2,2,2,0,280,4
1173,2,2,2,2,2,2,2,2,2,2,2,2,2,2,2,2,2,2,0,280,2
1174,2,2,2,2,2,2,2,2,2,2,2,2,2,2,2,2,2,2,0,280,3
1175,2,2,2,2,2,2,2,2,2,2,2,2,2,2,2,2,2,2,0,280,4
1176,2,2,2,2,2,2,2,2,2,2,2,2,2,2,2,2,2,2,0,280,4
1177,2,2,2,2,2,2,2,2,2,2,2,2,2,2,2,2,2,2,0,280,3
1178,2,2,2,2,2,2,2,2,2,2,2,2,2,2,2,2,2,2,0,280,2
1179,6,4,10,4,8,4,8,4,10,2,6,10,2,4,10,4,8,4,2,650,5
1180,2,2,2,2,2,2,2,2,2,2,2,2,2,2,2,2,2,2,0,280,2
1181,2,2,2,2,2,2,2,2,2,2,2,2,2,2,2,2,2,2,0,280,2
1182,2,2,2,2,2,2,2,2,2,2,2,2,2,2,2,2,2,2,0,280,3
1183,2,2,2,2,2,2,2,2,2,2,2,2,2,2,2,2,2,2,0,280,4
1184,2,2,2,2,2,2,2,2,2,2,2,2,2,2,2,2,2,2,0,280,2
1185,2,2,2,2,2,2,2,2,2,2,2,2,2,2,2,2,2,2,0,280,4
1186,2,2,2,2,2,2,2,2,2,2,2,2,2,2,2,2,2,2,0,280,2
1187,6,6,8,6,10,8,6,2,10,10,2,2,8,2,6,4,8,4,2,650,2
1188,2,2,2,2,2,2,2,2,2,2,2,2,2,2,2,2,2,2,0,280,5
1189,2,2,2,2,2,2,2,2,2,2,2,2,2,2,2,2,2,2,0,280,5
1190,2,2,2,2,2,2,2,2,2,2,2,2,2,2,2,2,2,2,0,280,1
1191,10,4,8,10,2,4,6,6,8,2,4,2,2,10,10,2,10,2,2,620,4
1192,2,2,2,2,2,2,2,2,2,2,2,2,2,2,2,2,2,2,0,280,1
1193,2,2,2,2,2,2,2,2,2,2,2,2,2,2,2,2,2,2,0,280,4
1194,2,2,2,2,2,2,2,2,2,2,2,2,2,2,2,2,2,2,0,280,1
1195,2,2,2,2,2,2,2,2,2,2,2,2,2,2,2,2,2,2,0,280,1
1196,8,2,6,10,6,4,10,8,4,2,10,2,4,2,6,4,6,6,2,610,2
1197,2,2,2,2,2,2,2,2,2,2,2,2,2,2,2,2,2,2,0,280,4
1198,2,2,2,2,2,2,2,2,2,2,2,2,2,2,2,2,2,2,0,280,2
1199,2,2,2,2,2,2,2,2,2,2,2,2,2,2,2,2,2,2,0,280,4
1200,2,2,2,2,2,2,2,2,2,2,2,2,2,2,2,2,2,2,0,280,4
1201,2,2,2,2,2,2,2,2,2,2,2,2,2,2,2,2,2,2,0,280,2
1202,2,2,2,2,2,2,2,2,2,2,2,2,2,2,2,2,2,2,0,280,2
1203,2,2,2,2,2,2,2,2,2,2,2,2,2,2,2,2,2,2,0,280,3
1204,2,2,2,2,2,2,2,2,2,2,2,2,2,2,2,2,2,2,0,280,3
1205,2,2,2,2,2,2,2,2,2,2,2,2,2,2,2,2,2,2,0,280,2
1206,2,10,6,10,6,10,4,4,2,6,4,10,4,4,6,8,4,8,1,645,4
1207,2,2,2,2,2,2,2,2,2,2,2,2,2,2,2,2,2,2,0,280,4
1208,2,2,2,2,2,2,2,2,2,2,2,2,2,2,2,2,2,2,0,280,5
1209,2,2,2,2,2,2,2,2,2,2,2,2,2,2,2,2,2,2,0,280,4
1210,8,10,10,2,8,4,6,6,10,6,2,6,6,4,6,4,10,6,2,680,4
1211,2,2,2,2,2,2,2,2,2,2,2,2,2,2,2,2,2,2,0,280,4
1212,2,2,2,2,2,2,2,2,2,2,2,2,2,2,2,2,2,2,0,280,3
1213,4,4,10,8,2,6,10,8,6,6,2,6,8,8,8,8,8,4,2,690,4
1214,2,2,2,2,2,2,2,2,2,2,2,2,2,2,2,2,2,2,0,280,3
1215,2,2,2,2,2,2,2,2,2,2,2,2,2,2,2,2,2,2,0,280,2
1216,4,6,2,8,4,8,4,4,6,6,10,2,10,4,2,2,6,10,1,595,1
1217,2,2,2,2,2,2,2,2,2,2,2,2,2,2,2,2,2,2,0,280,2
1218,2,2,2,2,2,2,2,2,2,2,2,2,2,2,2,2,2,2,0,280,1
1219,2,2,2,2,2,2,2,2,2,2,2,2,2,2,2,2,2,2,0,280,4
1220,2,2,2,2,2,2,2,2,2,2,2,2,2,2,2,2,2,2,0,280,3
1221,2,2,2,2,2,2,2,2,2,2,2,2,2,2,2,2,2,2,0,280,1
1222,2,2,2,2,2,2,2,2,2,2,2,2,2,2,2,2,2,2,0,280,4
1223,2,2,2,2,2,2,2,2,2,2,2,2,2,2,2,2,2,2,0,280,3
1224,2,2,2,2,2,2,2,2,2,2,2,2,2,2,2,2,2,2,0,280,1
1225,2,2,2,2,2,2,2,2,2,2,2,2,2,2,2,2,2,2,0,280,2
1226,2,2,2,2,2,2,2,2,2,2,2,2,2,2,2,2,2,2,0,280,2
1227,2,4,6,10,2,4,8,8,6,4,8,8,4,10,2,10,2,10,1,645,4
1228,2,2,2,2,2,2,2,2,2,2,2,2,2,2,2,2,2,2,0,280,5
1229,2,2,2,2,2,2,2,2,2,2,2,2,2,2,2,2,2,2,0,280,1
1230,6,4,10,8,6,6,8,8,2,4,4,8,8,8,8,2,10,6,1,685,2
1231,4,6,4,10,2,8,6,6,10,8,4,6,2,6,2,8,10,6,2,650,1
1232,4,2,2,6,4,2,4,2,2,6,8,10,10,4,4,4,8,8,1,555,4
1233,4,4,2,6,2,10,10,4,2,10,10,6,4,10,6,6,4,8,1,645,4
1234,2,2,2,2,2,2,2,2,2,2,2,2,2,2,2,2,2,2,0,280,1
1235,2,6,8,6,6,2,10,8,10,10,2,2,10,8,10,4,4,2,2,660,1
1236,2,2,2,2,2,2,2,2,2,2,2,2,2,2,2,2,2,2,0,280,3
1237,2,2,2,2,2,2,2,2,2,2,2,2,2,2,2,2,2,2,0,280,1
1238,6,6,8,8,4,2,6,6,10,10,10,6,10,4,10,8,2,10,2,740,4
1239,2,2,2,2,2,2,2,2,2,2,2,2,2,2,2,2,2,2,0,280,1
1240,2,2,8,6,10,2,4,10,4,8,4,10,2,8,10,4,4,8,1,635,3
1241,2,2,2,2,2,2,2,2,2,2,2,2,2,2,2,2,2,2,0,280,2
1242,2,2,2,2,2,2,2,2,2,2,2,2,2,2,2,2,2,2,0,280,5
1243,2,2,2,2,2,2,2,2,2,2,2,2,2,2,2,2,2,2,0,280,1
1244,2,2,2,2,2,2,2,2,2,2,2,2,2,2,2,2,2,2,0,280,4
1245,2,2,2,2,2,2,2,2,2,2,2,2,2,2,2,2,2,2,0,280,1
1246,6,2,8,4,2,2,4,2,2,6,2,10,4,4,4,4,8,2,2,490,4
1247,2,2,2,2,2,2,2,2,2,2,2,2,2,2,2,2,2,2,0,280,2
1248,10,2,6,6,2,6,8,10,2,6,6,2,6,6,2,6,2,6,1,575,5
1249,2,2,2,2,2,2,2,2,2,2,2,2,2,2,2,2,2,2,0,280,4
1250,2,10,10,10,2,10,2,4,2,6,4,6,6,6,2,2,4,10,1,595,3
1251,2,2,2,2,2,2,2,2,2,2,2,2,2,2,2,2,2,2,0,280,5
1252,8,2,2,8,4,4,8,8,6,2,4,4,2,10,4,4,6,2,2,550,1
1253,2,2,2,2,2,2,2,2,2,2,2,2,2,2,2,2,2,2,0,280,5
1254,2,2,2,2,2,2,2,2,2,2,2,2,2,2,2,2,2,2,0,280,5
1255,2,2,2,2,2,2,2,2,2,2,2,2,2,2,2,2,2,2,0,280,3
1256,2,2,2,2,2,2,2,2,2,2,2,2,2,2,2,2,2,2,0,280,5
1257,4,8,4,8,10,2,6,6,6,2,2,6,2,2,10,10,2,10,2,610,2
1258,2,2,2,2,2,2,2,2,2,2,2,2,2,2,2,2,2,2,0,280,4
1259,2,2,2,2,2,2,2,2,2,2,2,2,2,2,2,2,2,2,0,280,3
1260,10,4,10,2,4,6,8,4,8,10,10,10,4,10,6,6,10,6,1,745,3
1261,2,2,2,2,2,2,2,2,2,2,2,2,2,2,2,2,2,2,0,280,3
1262,2,2,2,2,2,2,2,2,2,2,2,2,2,2,2,2,2,2,0,280,4
1263,2,2,2,2,2,2,2,2,2,2,2,2,2,2,2,2,2,2,0,280,4
1264,2,2,2,2,2,2,2,2,2,2,2,2,2,2,2,2,2,2,0,280,5
1265,2,2,2,2,2,2,2,2,2,2,2,2,2,2,2,2,2,2,0,280,1
1266,8,10,8,2,10,6,10,10,10,4,10,8,4,4,10,4,2,2,2,720,4
1267,8,10,2,4,8,10,4,6,4,8,2,2,10,8,10,8,4,10,1,695,2
1268,2,2,2,2,2,2,2,2,2,2,2,2,2,2,2,2,2,2,0,280,5
1269,2,2,2,2,2,2,2,2,2,2,2,2,2,2,2,2,2,2,0,280,2
1270,2,2,2,2,2,2,2,2,2,2,2,2,2,2,2,2,2,2,0,280,1
1271,2,2,2,2,2,2,2,2,2,2,2,2,2,2,2,2,2,2,0,280,2
1272,4,10,8,6,10,6,10,4,2,8,4,2,10,8,8,6,2,8,1,685,2
1273,2,2,2,2,2,2,2,2,2,2,2,2,2,2,2,2,2,2,0,280,5
1274,2,2,2,2,2,2,2,2,2,2,2,2,2,2,2,2,2,2,0,280,1
1275,2,2,2,2,2,2,2,2,2,2,2,2,2,2,2,2,2,2,0,280,5
1276,2,2,2,2,2,2,2,2,2,2,2,2,2,2,2,2,2,2,0,280,4
1277,2,2,2,2,2,2,2,2,2,2,2,2,2,2,2,2,2,2,0,280,4
1278,2,2,2,2,2,2,2,2,2,2,2,2,2,2,2,2,2,2,0,280,1
1279,2,2,2,2,2,2,2,2,2,2,2,2,2,2,2,2,2,2,0,280,5
1280,2,2,2,2,2,2,2,2,2,2,2,2,2,2,2,2,2,2,0,280,3
1281,2,2,2,2,2,2,2,2,2,2,2,2,2,2,2,2,2,2,0,280,4
1282,2,8,8,6,6,6,6,4,6,8,4,4,2,4,6,4,8,4,2,590,3
1283,8,2,8,4,4,8,4,4,4,6,2,4,2,4,6,8,6,2,2,540,3
1284,2,2,2,2,2,2,2,2,2,2,2,2,2,2,2,2,2,2,0,280,5
1285,2,2,2,2,2,2,2,2,2,2,2,2,2,2,2,2,2,2,0,280,4
1286,2,2,2,2,2,2,2,2,2,2,2,2,2,2,2,2,2,2,0,280,2
1287,10,6,8,8,10,4,2,6,10,10,2,4,4,10,6,6,4,2,2,670,5
1288,2,2,2,2,2,2,2,2,2,2,2,2,2,2,2,2,2,2,0,280,1
1289,2,10,6,10,10,2,10,10,2,6,6,6,4,4,6,6,6,4,2,660,4
1290,2,2,2,2,2,2,2,2,2,2,2,2,2,2,2,2,2,2,0,280,5
1291,10,10,8,6,4,4,10,2,6,2,10,2,2,6,8,4,2,4,2,610,5
1292,2,2,2,2,2,2,2,2,2,2,2,2,2,2,2,2,2,2,0,280,5
1293,2,2,2,2,2,2,2,2,2,2,2,2,2,2,2,2,2,2,0,280,1
1294,2,2,2,2,2,2,2,2,2,2,2,2,2,2,2,2,2,2,0,280,4
1295,2,2,2,2,2,2,2,2,2,2,2,2,2,2,2,2,2,2,0,280,1
1296,2,2,2,2,2,2,2,2,2,2,2,2,2,2,2,2,2,2,0,280,1
1297,2,2,2,2,2,2,2,2,2,2,2,2,2,2,2,2,2,2,0,280,5
1298,2,2,2,2,2,2,2,2,2,2,2,2,2,2,2,2,2,2,0,280,1
1299,2,2,2,2,2,2,2,2,2,2,2,2,2,2,2,2,2,2,0,280,3
1300,2,2,2,2,2,2,2,2,2,2,2,2,2,2,2,2,2,2,0,280,2
1301,10,6,4,4,2,4,8,2,8,2,10,6,10,6,10,10,8,2,2,670,5
1302,2,2,2,2,2,2,2,2,2,2,2,2,2,2,2,2,2,2,0,280,2
1303,6,10,10,4,6,4,6,2,8,6,2,6,4,2,10,2,10,2,2,610,2
1304,2,2,2,2,2,2,2,2,2,2,2,2,2,2,2,2,2,2,0,280,1
1305,2,2,2,2,2,2,2,2,2,2,2,2,2,2,2,2,2,2,0,280,2
1306,2,2,2,2,2,2,2,2,2,2,2,2,2,2,2,2,2,2,0,280,5
1307,2,2,2,2,2,2,2,2,2,2,2,2,2,2,2,2,2,2,0,280,5
1308,8,4,2,2,2,4,2,2,2,6,4,6,2,6,4,10,4,6,1,485,5
1309,10,4,2,2,10,4,10,4,6,4,4,8,8,10,8,10,6,10,1,705,2
1310,6,4,6,6,6,2,4,8,2,8,6,2,10,10,6,10,10,10,1,685,2
1311,2,2,2,2,2,2,2,2,2,2,2,2,2,2,2,2,2,2,0,280,3
1312,2,2,2,2,2,2,2,2,2,2,2,2,2,2,2,2,2,2,0,280,1
1313,2,2,2,2,2,2,2,2,2,2,2,2,2,2,2,2,2,2,0,280,2
1314,10,6,6,10,2,2,2,4,10,4,2,8,4,10,6,6,4,6,1,615,3
1315,2,2,2,2,2,2,2,2,2,2,2,2,2,2,2,2,2,2,0,280,3
1316,2,2,2,2,2,2,2,2,2,2,2,2,2,2,2,2,2,2,0,280,5
1317,8,4,8,8,10,8,8,10,10,4,6,10,4,10,8,4,8,4,2,770,4
1318,2,2,2,2,2,2,2,2,2,2,2,2,2,2,2,2,2,2,0,280,3
1319,2,2,2,2,2,2,2,2,2,2,2,2,2,2,2,2,2,2,0,280,1
1320,6,2,4,4,8,4,2,4,10,6,8,2,8,10,10,2,4,8,1,615,2
1321,8,8,6,10,4,2,6,8,2,4,10,8,4,2,8,4,2,6,2,620,1
1322,10,8,8,8,4,4,2,8,6,4,10,6,10,2,6,8,2,2,2,650,4
1323,8,10,10,6,2,4,10,2,6,8,8,8,10,2,10,2,4,4,2,680,1
1324,2,2,2,2,2,2,2,2,2,2,2,2,2,2,2,2,2,2,0,280,1
1325,8,6,8,6,10,6,4,10,2,10,2,10,10,8,8,6,10,8,1,765,2
1326,2,2,2,2,2,2,2,2,2,2,2,2,2,2,2,2,2,2,0,280,1
1327,2,2,2,2,2,2,2,2,2,2,2,2,2,2,2,2,2,2,0,280,3
1328,2,2,2,2,2,2,2,2,2,2,2,2,2,2,2,2,2,2,0,280,5
1329,10,10,2,4,8,8,4,2,10,2,4,10,6,6,6,10,8,2,2,670,1
1330,2,2,2,2,2,2,2,2,2,2,2,2,2,2,2,2,2,2,0,280,4
1331,10,6,8,2,10,8,10,4,10,6,2,10,6,10,6,10,6,10,1,775,2
1332,2,2,2,2,2,2,2,2,2,2,2,2,2,2,2,2,2,2,0,280,2
1333,2,2,2,2,2,2,2,2,2,2,2,2,2,2,2,2,2,2,0,280,2
1334,8,8,8,2,6,8,8,10,2,2,10,6,10,8,6,8,4,10,1,725,3
1335,2,2,2,2,2,2,2,2,2,2,2,2,2,2,2,2,2,2,0,280,3
1336,8,8,6,2,8,2,6,8,8,2,6,2,2,8,4,6,6,10,1,615,5
1337,2,2,2,2,2,2,2,2,2,2,2,2,2,2,2,2,2,2,0,280,5
1338,6,2,8,10,10,8,4,8,10,6,2,10,4,6,4,4,6,8,2,690,3
1339,2,2,2,2,2,2,2,2,2,2,2,2,2,2,2,2,2,2,0,280,4
1340,6,6,8,6,2,2,4,6,6,4,6,6,4,4,6,2,2,2,2,520,2
1341,8,2,8,2,8,8,2,8,2,6,2,2,4,6,10,6,6,4,2,580,1
1342,2,2,2,2,2,2,2,2,2,2,2,2,2,2,2,2,2,2,0,280,2
1343,2,2,2,2,2,2,2,2,2,2,2,2,2,2,2,2,2,2,0,280,5
1344,8,10,4,4,2,10,8,8,8,8,10,8,2,8,10,10,2,6,1,735,1
1345,2,2,2,2,2,2,2,2,2,2,2,2,2,2,2,2,2,2,0,280,5
1346,2,8,4,8,8,4,8,6,6,6,2,4,10,10,4,2,4,10,1,635,4
1347,4,4,6,8,4,8,8,10,4,8,6,8,2,4,6,8,6,2,2,640,5
1348,2,2,2,2,2,2,2,2,2,2,2,2,2,2,2,2,2,2,0,280,4
1349,2,2,2,2,2,2,2,2,2,2,2,2,2,2,2,2,2,2,0,280,2
1350,2,2,2,2,2,2,2,2,2,2,2,2,2,2,2,2,2,2,0,280,2
1351,2,2,2,2,2,2,2,2,2,2,2,2,2,2,2,2,2,2,0,280,1
1352,2,6,8,4,4,10,4,2,2,2,4,2,10,2,4,6,8,6,1,535,4
1353,2,2,2,2,2,2,2,2,2,2,2,2,2,2,2,2,2,2,0,280,4
1354,2,2,2,2,2,2,2,2,2,2,2,2,2,2,2,2,2,2,0,280,2
1355,2,2,2,2,2,2,2,2,2,2,2,2,2,2,2,2,2,2,0,280,2
1356,2,2,10,2,4,8,8,8,8,8,10,8,8,6,6,4,6,4,2,670,1
1357,10,6,10,2,6,8,4,2,4,2,6,8,10,2,4,10,2,4,2,610,4
1358,2,2,2,2,2,2,2,2,2,2,2,2,2,2,2,2,2,2,0,280,5
1359,8,8,2,2,4,2,6,4,8,6,10,8,6,10,8,8,10,4,1,675,5
1360,2,2,2,2,2,2,2,2,2,2,2,2,2,2,2,2,2,2,0,280,4
1361,2,2,2,2,2,2,2,2,2,2,2,2,2,2,2,2,2,2,0,280,2
1362,2,2,2,2,2,2,2,2,2,2,2,2,2,2,2,2,2,2,0,280,1
1363,2,2,2,2,2,2,2,2,2,2,2,2,2,2,2,2,2,2,0,280,2
1364,2,2,2,2,2,2,2,2,2,2,2,2,2,2,2,2,2,2,0,280,1
1365,2,6,8,8,8,10,6,8,2,6,4,8,2,10,8,10,4,2,2,670,1
1366,2,2,2,2,2,2,2,2,2,2,2,2,2,2,2,2,2,2,0,280,1
1367,2,2,2,2,2,2,2,2,2,2,2,2,2,2,2,2,2,2,0,280,3
1368,2,2,2,2,2,2,2,2,2,2,2,2,2,2,2,2,2,2,0,280,2
1369,2,10,6,8,2,10,2,6,6,10,10,2,4,4,4,2,10,2,2,610,2
1370,2,2,2,2,2,2,2,2,2,2,2,2,2,2,2,2,2,2,0,280,3
1371,6,10,2,6,10,4,6,6,2,2,4,2,2,10,6,10,4,6,1,595,3
1372,6,8,8,8,10,10,2,4,4,8,2,6,2,2,4,10,6,8,2,650,1
1373,2,2,2,2,2,2,2,2,2,2,2,2,2,2,2,2,2,2,0,280,5
1374,2,2,2,2,2,2,2,2,2,2,2,2,2,2,2,2,2,2,0,280,4
1375,2,2,2,2,2,2,2,2,2,2,2,2,2,2,2,2,2,2,0,280,2
1376,2,2,2,2,2,2,2,2,2,2,2,2,2,2,2,2,2,2,0,280,1
1377,2,2,2,2,2,2,2,2,2,2,2,2,2,2,2,2,2,2,0,280,3
1378,2,2,2,2,2,2,2,2,2,2,2,2,2,2,2,2,2,2,0,280,2
1379,2,2,2,2,2,2,2,2,2,2,2,2,2,2,2,2,2,2,0,280,5
1380,2,2,2,2,2,2,2,2,2,2,2,2,2,2,2,2,2,2,0,280,3
1381,6,8,10,4,4,10,4,4,4,6,8,8,4,4,2,8,10,8,1,665,5
1382,2,2,2,2,2,2,2,2,2,2,2,2,2,2,2,2,2,2,0,280,2
1383,2,2,2,2,2,2,2,2,2,2,2,2,2,2,2,2,2,2,0,280,3
1384,2,2,2,2,2,2,2,2,2,2,2,2,2,2,2,2,2,2,0,280,5
1385,2,2,2,2,2,2,2,2,2,2,2,2,2,2,2,2,2,2,0,280,3
1386,10,8,10,6,10,8,8,8,4,10,8,8,10,6,2,2,6,6,1,755,2
1387,8,4,6,6,4,4,2,2,6,2,6,8,6,4,10,8,4,6,2,590,2
1388,4,10,6,4,6,2,4,4,8,6,4,4,10,10,2,4,4,8,1,605,1
1389,8,2,10,2,4,8,4,6,10,6,10,8,2,2,6,8,10,10,2,690,3
1390,2,2,2,2,2,2,2,2,2,2,2,2,2,2,2,2,2,2,0,280,4
1391,2,2,2,2,2,2,2,2,2,2,2,2,2,2,2,2,2,2,0,280,5
1392,4,6,6,10,8,4,4,2,8,10,10,8,2,4,10,10,8,8,2,720,3
1393,2,2,2,2,2,2,2,2,2,2,2,2,2,2,2,2,2,2,0,280,4
1394,2,2,2,2,2,2,2,2,2,2,2,2,2,2,2,2,2,2,0,280,2
1395,2,2,2,2,2,2,2,2,2,2,2,2,2,2,2,2,2,2,0,280,4
1396,6,8,8,4,4,2,2,4,4,10,2,6,10,4,4,6,10,10,1,625,3
1397,8,2,4,10,6,10,6,10,6,4,2,4,8,6,4,4,4,8,1,635,4
1398,6,4,4,6,6,2,4,10,4,6,4,6,4,10,2,2,10,10,1,605,1
1399,2,8,8,10,2,10,10,10,6,2,6,8,10,10,8,6,2,2,1,705,1
